,contractSymbol,lastTradeDate,strike,lastPrice,bid,ask,change,percentChange,volume,openInterest,impliedVolatility,inTheMoney,contractSize,currency,undPriceAsk,undPriceBid,undPriceMid,undPriceLondonTime,undPriceTimestamp,mtime
0,PLTR210129P00015000,2021-01-22 20:22:56,15.0,0.01,0.0,0.01,0.0,0.0,108,637,2.000005,False,REGULAR,USD,32.55,32.5,32.525,2021-01-23 14:37:44.901944,1611412664.901944,1611412673.931653
1,PLTR210129P00017000,2021-01-22 20:48:49,17.0,0.01,0.0,0.01,0.0,0.0,60,174,1.6875015625,False,REGULAR,USD,32.55,32.5,32.525,2021-01-23 14:37:44.901944,1611412664.901944,1611412673.931653
2,PLTR210129P00017500,2021-01-22 20:29:12,17.5,0.01,0.0,0.01,0.0,0.0,76,32,1.625001875,False,REGULAR,USD,32.55,32.5,32.525,2021-01-23 14:37:44.901944,1611412664.901944,1611412673.931653
3,PLTR210129P00018500,2021-01-22 20:45:17,18.5,0.01,0.0,0.01,-0.02,-66.66667,284,324,1.5000025,False,REGULAR,USD,32.55,32.5,32.525,2021-01-23 14:37:44.901944,1611412664.901944,1611412673.931653
4,PLTR210129P00019000,2021-01-22 20:42:52,19.0,0.02,0.01,0.03,0.01,100.0,172,1271,1.6875015625,False,REGULAR,USD,32.55,32.5,32.525,2021-01-23 14:37:44.901944,1611412664.901944,1611412673.931653
5,PLTR210129P00019500,2021-01-22 20:18:33,19.5,0.02,0.0,0.03,-0.01,-33.333336,28,431,1.5468772656249998,False,REGULAR,USD,32.55,32.5,32.525,2021-01-23 14:37:44.901944,1611412664.901944,1611412673.931653
6,PLTR210129P00020000,2021-01-22 20:58:06,20.0,0.03,0.02,0.05,0.01,50.0,1946,2024,1.65625171875,False,REGULAR,USD,32.55,32.5,32.525,2021-01-23 14:37:44.901944,1611412664.901944,1611412673.931653
7,PLTR210129P00020500,2021-01-22 20:19:50,20.5,0.04,0.01,0.07,0.0,0.0,124,449,1.609376953125,False,REGULAR,USD,32.55,32.5,32.525,2021-01-23 14:37:44.901944,1611412664.901944,1611412673.931653
8,PLTR210129P00021000,2021-01-22 20:51:04,21.0,0.02,0.02,0.03,-0.04,-66.66667,1026,1824,1.4375028125,False,REGULAR,USD,32.55,32.5,32.525,2021-01-23 14:37:44.901944,1611412664.901944,1611412673.931653
9,PLTR210129P00021500,2021-01-22 20:38:15,21.5,0.03,0.01,0.04,-0.060000002,-66.66667,221,918,1.3750031249999999,False,REGULAR,USD,32.55,32.5,32.525,2021-01-23 14:37:44.901944,1611412664.901944,1611412673.931653
10,PLTR210129P00022000,2021-01-22 20:54:03,22.0,0.07,0.03,0.08,-0.04,-36.363636,1184,2139,1.46875265625,False,REGULAR,USD,32.55,32.5,32.525,2021-01-23 14:37:44.901944,1611412664.901944,1611412673.931653
11,PLTR210129P00022500,2021-01-22 20:54:58,22.5,0.06,0.04,0.06,-0.11,-64.70588,1318,2001,1.3750031249999999,False,REGULAR,USD,32.55,32.5,32.525,2021-01-23 14:37:44.901944,1611412664.901944,1611412673.931653
12,PLTR210129P00023000,2021-01-22 20:57:49,23.0,0.06,0.05,0.06,-0.19999999,-76.92307,1532,3212,1.3203158984374999,False,REGULAR,USD,32.55,32.5,32.525,2021-01-23 14:37:44.901944,1611412664.901944,1611412673.931653
13,PLTR210129P00023500,2021-01-22 20:49:40,23.5,0.06,0.06,0.1,-0.31,-83.78378,2238,3248,1.3359408203124996,False,REGULAR,USD,32.55,32.5,32.525,2021-01-23 14:37:44.901944,1611412664.901944,1611412673.931653
14,PLTR210129P00024000,2021-01-22 20:58:16,24.0,0.08,0.07,0.11,-0.44,-84.61539,4254,7482,1.29297228515625,False,REGULAR,USD,32.55,32.5,32.525,2021-01-23 14:37:44.901944,1611412664.901944,1611412673.931653
15,PLTR210129P00024500,2021-01-22 20:59:35,24.5,0.1,0.09,0.13,-0.60999995,-85.91549,3581,6963,1.2695349023437497,False,REGULAR,USD,32.55,32.5,32.525,2021-01-23 14:37:44.901944,1611412664.901944,1611412673.931653
16,PLTR210129P00025000,2021-01-22 20:59:51,25.0,0.1,0.11,0.15,-0.82,-89.13043,8856,6592,1.2382850585937497,False,REGULAR,USD,32.55,32.5,32.525,2021-01-23 14:37:44.901944,1611412664.901944,1611412673.931653
17,PLTR210129P00025500,2021-01-22 20:59:17,25.5,0.15,0.1,0.16,-1.03,-87.28813,6107,3437,1.1640666796875,False,REGULAR,USD,32.55,32.5,32.525,2021-01-23 14:37:44.901944,1611412664.901944,1611412673.931653
18,PLTR210129P00026000,2021-01-22 20:59:20,26.0,0.18,0.18,0.2,-1.27,-87.5862,7715,4568,1.193363408203125,False,REGULAR,USD,32.55,32.5,32.525,2021-01-23 14:37:44.901944,1611412664.901944,1611412673.931653
19,PLTR210129P00026500,2021-01-22 20:59:35,26.5,0.23,0.21,0.27,-1.56,-87.15083,4976,1830,1.1875040625,False,REGULAR,USD,32.55,32.5,32.525,2021-01-23 14:37:44.901944,1611412664.901944,1611412673.931653
20,PLTR210129P00027000,2021-01-22 20:59:55,27.0,0.29,0.27,0.33,-1.79,-86.05769,8618,1013,1.1796916015624999,False,REGULAR,USD,32.55,32.5,32.525,2021-01-23 14:37:44.901944,1611412664.901944,1611412673.931653
21,PLTR210129P00027500,2021-01-22 20:59:25,27.5,0.39,0.32,0.4,-2.0700002,-84.14635,3982,349,1.16016044921875,False,REGULAR,USD,32.55,32.5,32.525,2021-01-23 14:37:44.901944,1611412664.901944,1611412673.931653
22,PLTR210129P00028000,2021-01-22 20:59:51,28.0,0.46,0.42,0.49,-2.3799999,-83.80281,10318,685,1.1660197949218751,False,REGULAR,USD,32.55,32.5,32.525,2021-01-23 14:37:44.901944,1611412664.901944,1611412673.931653
23,PLTR210129P00028500,2021-01-22 20:59:52,28.5,0.61,0.55,0.64,-2.5900002,-80.93751,9230,158,1.1943399658203124,False,REGULAR,USD,32.55,32.5,32.525,2021-01-23 14:37:44.901944,1611412664.901944,1611412673.931653
24,PLTR210129P00029000,2021-01-22 20:59:57,29.0,0.73,0.7,0.75,-2.86,-79.66574,5084,320,1.197269638671875,False,REGULAR,USD,32.55,32.5,32.525,2021-01-23 14:37:44.901944,1611412664.901944,1611412673.931653
25,PLTR210129P00029500,2021-01-22 20:59:40,29.5,0.9,0.84,0.9,-3.0,-76.92307,2477,422,1.19922275390625,False,REGULAR,USD,32.55,32.5,32.525,2021-01-23 14:37:44.901944,1611412664.901944,1611412673.931653
26,PLTR210129P00030000,2021-01-22 20:59:34,30.0,1.07,1.03,1.1,-3.3199997,-75.62642,14978,740,1.2216835791015623,False,REGULAR,USD,32.55,32.5,32.525,2021-01-23 14:37:44.901944,1611412664.901944,1611412673.931653
27,PLTR210129P00030500,2021-01-22 20:59:58,30.5,1.25,1.24,1.3,-3.6999998,-74.747475,3229,120,1.2373085009765623,False,REGULAR,USD,32.55,32.5,32.525,2021-01-23 14:37:44.901944,1611412664.901944,1611412673.931653
28,PLTR210129P00031000,2021-01-22 20:59:57,31.0,1.48,1.46,1.51,-3.77,-71.809525,4464,107,1.2460975195312498,False,REGULAR,USD,32.55,32.5,32.525,2021-01-23 14:37:44.901944,1611412664.901944,1611412673.931653
29,PLTR210129P00031500,2021-01-22 20:59:25,31.5,1.72,1.7,1.82,-4.4300003,-72.032524,2589,66,1.2783239208984374,False,REGULAR,USD,32.55,32.5,32.525,2021-01-23 14:37:44.901944,1611412664.901944,1611412673.931653
30,PLTR210129P00032000,2021-01-22 20:59:51,32.0,2.01,1.97,2.04,-4.1899996,-67.58064,2789,317,1.2812535937499998,False,REGULAR,USD,32.55,32.5,32.525,2021-01-23 14:37:44.901944,1611412664.901944,1611412673.931653
31,PLTR210129P00032500,2021-01-22 20:59:48,32.5,2.3,2.26,2.34,-4.7,-67.14285,1411,46,1.3027378613281246,False,REGULAR,USD,32.55,32.5,32.525,2021-01-23 14:37:44.901944,1611412664.901944,1611412673.931653
32,PLTR210129P00033000,2021-01-22 20:59:51,33.0,2.65,2.56,2.69,-4.45,-62.676056,1452,51,1.3320345898437496,True,REGULAR,USD,32.55,32.5,32.525,2021-01-23 14:37:44.901944,1611412664.901944,1611412673.931653
33,PLTR210129P00033500,2021-01-22 20:59:11,33.5,2.9,2.88,3.05,-4.6,-61.333336,315,35,1.359378203125,True,REGULAR,USD,32.55,32.5,32.525,2021-01-23 14:37:44.901944,1611412664.901944,1611412673.931653
34,PLTR210129P00035000,2021-01-22 20:58:41,35.0,3.93,3.9,4.0,-5.2699995,-57.282604,679,105,1.3740265673828125,True,REGULAR,USD,32.55,32.5,32.525,2021-01-23 14:37:44.901944,1611412664.901944,1611412673.931653
35,PLTR210129P00036000,2021-01-22 20:57:28,36.0,4.8,4.65,4.85,-5.75,-54.50237,782,32,1.4296903515625,True,REGULAR,USD,32.55,32.5,32.525,2021-01-23 14:37:44.901944,1611412664.901944,1611412673.931653
36,PLTR210129P00040000,2021-01-22 20:59:22,40.0,8.04,8.0,8.25,-6.1099997,-43.18021,467,55,1.5546897265624997,True,REGULAR,USD,32.55,32.5,32.525,2021-01-23 14:37:44.901944,1611412664.901944,1611412673.931653
37,PLTR210205P00015000,2021-01-22 17:24:16,15.0,0.03,0.01,0.06,0.01,50.0,11,119,1.78125109375,False,REGULAR,USD,32.55,32.5,32.525,2021-01-23 14:37:44.901944,1611412664.901944,1611412673.931653
38,PLTR210205P00017000,2021-01-22 16:26:00,17.0,0.04,0.04,0.07,0.02,100.0,3,53,1.625001875,False,REGULAR,USD,32.55,32.5,32.525,2021-01-23 14:37:44.901944,1611412664.901944,1611412673.931653
39,PLTR210205P00017500,2021-01-22 20:09:37,17.5,0.05,0.03,0.05,0.030000001,150.00002,23,122,1.484377578125,False,REGULAR,USD,32.55,32.5,32.525,2021-01-23 14:37:44.901944,1611412664.901944,1611412673.931653
40,PLTR210205P00018500,2021-01-22 20:51:02,18.5,0.03,0.03,0.09,-0.01,-25.0,52,159,1.453127734375,False,REGULAR,USD,32.55,32.5,32.525,2021-01-23 14:37:44.901944,1611412664.901944,1611412673.931653
41,PLTR210205P00019000,2021-01-22 20:50:31,19.0,0.06,0.06,0.08,0.0,0.0,81,609,1.421877890625,False,REGULAR,USD,32.55,32.5,32.525,2021-01-23 14:37:44.901944,1611412664.901944,1611412673.931653
42,PLTR210205P00020000,2021-01-22 20:56:50,20.0,0.09,0.08,0.09,-0.019999996,-18.181814,899,1528,1.3515657421874998,False,REGULAR,USD,32.55,32.5,32.525,2021-01-23 14:37:44.901944,1611412664.901944,1611412673.931653
43,PLTR210205P00021000,2021-01-22 20:51:20,21.0,0.1,0.1,0.13,-0.10999999,-52.38095,631,913,1.3007847460937496,False,REGULAR,USD,32.55,32.5,32.525,2021-01-23 14:37:44.901944,1611412664.901944,1611412673.931653
44,PLTR210205P00022000,2021-01-22 20:53:04,22.0,0.13,0.1,0.16,-0.23000002,-63.88889,1025,1298,1.2148476757812499,False,REGULAR,USD,32.55,32.5,32.525,2021-01-23 14:37:44.901944,1611412664.901944,1611412673.931653
45,PLTR210205P00022500,2021-01-22 20:56:56,22.5,0.16,0.15,0.18,-0.32,-66.66667,708,681,1.2148476757812499,False,REGULAR,USD,32.55,32.5,32.525,2021-01-23 14:37:44.901944,1611412664.901944,1611412673.931653
46,PLTR210205P00023000,2021-01-22 20:57:51,23.0,0.19,0.16,0.2,-0.44,-69.84127,736,2362,1.1777384863281248,False,REGULAR,USD,32.55,32.5,32.525,2021-01-23 14:37:44.901944,1611412664.901944,1611412673.931653
47,PLTR210205P00023500,2021-01-22 20:58:52,23.5,0.22,0.15,0.23,-0.58000004,-72.5,359,667,1.1328168359375002,False,REGULAR,USD,32.55,32.5,32.525,2021-01-23 14:37:44.901944,1611412664.901944,1611412673.931653
48,PLTR210205P00024000,2021-01-22 20:59:05,24.0,0.25,0.25,0.27,-0.73,-74.4898,897,1116,1.158207333984375,False,REGULAR,USD,32.55,32.5,32.525,2021-01-23 14:37:44.901944,1611412664.901944,1611412673.931653
49,PLTR210205P00024500,2021-01-22 20:52:35,24.5,0.3,0.22,0.32,-0.92,-75.409836,200,936,1.107426337890625,False,REGULAR,USD,32.55,32.5,32.525,2021-01-23 14:37:44.901944,1611412664.901944,1611412673.931653
50,PLTR210205P00025000,2021-01-22 20:59:26,25.0,0.37,0.35,0.39,-1.06,-74.12588,2523,1505,1.142582412109375,False,REGULAR,USD,32.55,32.5,32.525,2021-01-23 14:37:44.901944,1611412664.901944,1611412673.931653
51,PLTR210205P00025500,2021-01-22 20:56:57,25.5,0.45,0.34,0.46,-1.27,-73.83721,392,320,1.1054732226562503,False,REGULAR,USD,32.55,32.5,32.525,2021-01-23 14:37:44.901944,1611412664.901944,1611412673.931653
52,PLTR210205P00026000,2021-01-22 20:59:33,26.0,0.53,0.5,0.55,-1.47,-73.5,786,618,1.1367230664062502,False,REGULAR,USD,32.55,32.5,32.525,2021-01-23 14:37:44.901944,1611412664.901944,1611412673.931653
53,PLTR210205P00026500,2021-01-22 20:57:29,26.5,0.62,0.53,0.65,-1.7499999,-73.83966,457,317,1.115238798828125,False,REGULAR,USD,32.55,32.5,32.525,2021-01-23 14:37:44.901944,1611412664.901944,1611412673.931653
54,PLTR210205P00027000,2021-01-22 20:55:36,27.0,0.75,0.71,0.76,-1.8599999,-71.264366,1815,356,1.138676181640625,False,REGULAR,USD,32.55,32.5,32.525,2021-01-23 14:37:44.901944,1611412664.901944,1611412673.931653
55,PLTR210205P00027500,2021-01-22 20:52:11,27.5,0.9,0.85,0.9,-2.0900002,-69.89967,371,76,1.1484417578125,False,REGULAR,USD,32.55,32.5,32.525,2021-01-23 14:37:44.901944,1611412664.901944,1611412673.931653
56,PLTR210205P00028000,2021-01-22 20:59:52,28.0,1.01,1.01,1.02,-2.3700001,-70.11835,1010,206,1.150394873046875,False,REGULAR,USD,32.55,32.5,32.525,2021-01-23 14:37:44.901944,1611412664.901944,1611412673.931653
57,PLTR210205P00028500,2021-01-22 20:58:03,28.5,1.18,1.09,1.23,-2.52,-68.10811,271,47,1.1474652001953123,False,REGULAR,USD,32.55,32.5,32.525,2021-01-23 14:37:44.901944,1611412664.901944,1611412673.931653
58,PLTR210205P00029000,2021-01-22 20:56:19,29.0,1.38,1.27,1.41,-2.65,-65.75682,508,47,1.1552776611328124,False,REGULAR,USD,32.55,32.5,32.525,2021-01-23 14:37:44.901944,1611412664.901944,1611412673.931653
59,PLTR210205P00029500,2021-01-22 20:58:36,29.5,1.55,1.53,1.56,-2.8500001,-64.77273,199,41,1.1669963525390625,False,REGULAR,USD,32.55,32.5,32.525,2021-01-23 14:37:44.901944,1611412664.901944,1611412673.931653
60,PLTR210205P00030000,2021-01-22 20:59:47,30.0,1.78,1.75,1.8,-3.07,-63.29897,984,181,1.1826212744140623,False,REGULAR,USD,32.55,32.5,32.525,2021-01-23 14:37:44.901944,1611412664.901944,1611412673.931653
61,PLTR210205P00030500,2021-01-22 20:57:59,30.5,2.0,1.98,2.05,-3.3200002,-62.406013,171,42,1.1953165234375,False,REGULAR,USD,32.55,32.5,32.525,2021-01-23 14:37:44.901944,1611412664.901944,1611412673.931653
62,PLTR210205P00031000,2021-01-22 20:54:38,31.0,2.29,2.2,2.3,-3.3600001,-59.469025,393,78,1.2001993115234375,False,REGULAR,USD,32.55,32.5,32.525,2021-01-23 14:37:44.901944,1611412664.901944,1611412673.931653
63,PLTR210205P00031500,2021-01-22 20:59:44,31.5,2.57,2.39,2.55,-3.6299999,-58.548386,236,46,1.1928751293945314,False,REGULAR,USD,32.55,32.5,32.525,2021-01-23 14:37:44.901944,1611412664.901944,1611412673.931653
64,PLTR210205P00032000,2021-01-22 20:58:38,32.0,2.83,2.67,2.83,-3.42,-54.72,482,26,1.2041055419921873,False,REGULAR,USD,32.55,32.5,32.525,2021-01-23 14:37:44.901944,1611412664.901944,1611412673.931653
65,PLTR210205P00032500,2021-01-22 20:58:53,32.5,3.13,2.95,3.15,-4.02,-56.223774,83,29,1.218265627441406,False,REGULAR,USD,32.55,32.5,32.525,2021-01-23 14:37:44.901944,1611412664.901944,1611412673.931653
66,PLTR210205P00033000,2021-01-22 20:52:08,33.0,3.35,3.25,3.45,-4.0,-54.421772,148,58,1.2265663671875,True,REGULAR,USD,32.55,32.5,32.525,2021-01-23 14:37:44.901944,1611412664.901944,1611412673.931653
67,PLTR210205P00033500,2021-01-22 20:35:44,33.5,4.0,3.55,3.75,-3.5500002,-47.01987,47,30,1.23047259765625,True,REGULAR,USD,32.55,32.5,32.525,2021-01-23 14:37:44.901944,1611412664.901944,1611412673.931653
68,PLTR210205P00034000,2021-01-22 20:46:12,34.0,4.0,3.9,4.1,-4.45,-52.66272,211,58,1.2490271923828122,True,REGULAR,USD,32.55,32.5,32.525,2021-01-23 14:37:44.901944,1611412664.901944,1611412673.931653
69,PLTR210205P00034500,2021-01-22 20:43:19,34.5,4.5,4.2,4.4,-6.3,-58.333332,28,3,1.2436561254882812,True,REGULAR,USD,32.55,32.5,32.525,2021-01-23 14:37:44.901944,1611412664.901944,1611412673.931653
70,PLTR210205P00035000,2021-01-22 20:56:50,35.0,4.75,4.55,4.75,-4.75,-50.0,114,45,1.25390998046875,True,REGULAR,USD,32.55,32.5,32.525,2021-01-23 14:37:44.901944,1611412664.901944,1611412673.931653
71,PLTR210205P00035500,2021-01-22 20:31:48,35.5,5.35,4.9,5.15,-4.85,-47.54902,50,13,1.2695349023437497,True,REGULAR,USD,32.55,32.5,32.525,2021-01-23 14:37:44.901944,1611412664.901944,1611412673.931653
72,PLTR210205P00036000,2021-01-22 20:59:41,36.0,5.45,5.25,5.5,-4.6500006,-46.039608,206,39,1.2714880175781247,True,REGULAR,USD,32.55,32.5,32.525,2021-01-23 14:37:44.901944,1611412664.901944,1611412673.931653
73,PLTR210205P00040000,2021-01-22 20:57:44,40.0,8.65,8.5,8.75,-5.6000004,-39.29825,59,161,1.3574250878906249,True,REGULAR,USD,32.55,32.5,32.525,2021-01-23 14:37:44.901944,1611412664.901944,1611412673.931653
74,PLTR210212P00015000,2021-01-22 18:10:27,15.0,0.02,0.0,0.07,-0.01,-33.333336,7,120,1.453127734375,False,REGULAR,USD,32.55,32.5,32.525,2021-01-23 14:37:44.901944,1611412664.901944,1611412673.931653
75,PLTR210212P00017000,2021-01-22 20:57:44,17.0,0.06,0.01,0.09,0.009999998,19.999996,13,28,1.3046909765624997,False,REGULAR,USD,32.55,32.5,32.525,2021-01-23 14:37:44.901944,1611412664.901944,1611412673.931653
76,PLTR210212P00017500,2021-01-22 18:56:31,17.5,0.07,0.06,0.1,0.02,39.999996,18,28,1.3476595117187498,False,REGULAR,USD,32.55,32.5,32.525,2021-01-23 14:37:44.901944,1611412664.901944,1611412673.931653
77,PLTR210212P00018500,2021-01-22 18:12:09,18.5,0.08,0.05,0.12,-0.060000002,-42.857143,34,135,1.25390998046875,False,REGULAR,USD,32.55,32.5,32.525,2021-01-23 14:37:44.901944,1611412664.901944,1611412673.931653
78,PLTR210212P00019000,2021-01-22 20:44:40,19.0,0.09,0.04,0.13,-0.06999999,-43.749996,70,181,1.203128984375,False,REGULAR,USD,32.55,32.5,32.525,2021-01-23 14:37:44.901944,1611412664.901944,1611412673.931653
79,PLTR210212P00019500,2021-01-22 19:41:13,19.5,0.11,0.05,0.14,-0.09,-45.0,24,37,1.1757853710937498,False,REGULAR,USD,32.55,32.5,32.525,2021-01-23 14:37:44.901944,1611412664.901944,1611412673.931653
80,PLTR210212P00020000,2021-01-22 20:52:18,20.0,0.12,0.1,0.15,-0.16,-57.142853,144,415,1.18359783203125,False,REGULAR,USD,32.55,32.5,32.525,2021-01-23 14:37:44.901944,1611412664.901944,1611412673.931653
81,PLTR210212P00020500,2021-01-22 20:31:32,20.5,0.16,0.13,0.17,-0.19,-54.285717,46,206,1.171879140625,False,REGULAR,USD,32.55,32.5,32.525,2021-01-23 14:37:44.901944,1611412664.901944,1611412673.931653
82,PLTR210212P00021000,2021-01-22 20:56:39,21.0,0.18,0.15,0.19,-0.26999998,-59.999996,168,551,1.150394873046875,False,REGULAR,USD,32.55,32.5,32.525,2021-01-23 14:37:44.901944,1611412664.901944,1611412673.931653
83,PLTR210212P00021500,2021-01-22 20:52:18,21.5,0.2,0.15,0.22,-0.44,-68.75,86,1181,1.119145029296875,False,REGULAR,USD,32.55,32.5,32.525,2021-01-23 14:37:44.901944,1611412664.901944,1611412673.931653
84,PLTR210212P00022000,2021-01-22 20:43:27,22.0,0.28,0.21,0.26,-0.42,-59.999996,171,534,1.126957490234375,False,REGULAR,USD,32.55,32.5,32.525,2021-01-23 14:37:44.901944,1611412664.901944,1611412673.931653
85,PLTR210212P00022500,2021-01-22 20:55:17,22.5,0.26,0.2,0.3,-0.59000003,-69.411766,144,358,1.091801416015625,False,REGULAR,USD,32.55,32.5,32.525,2021-01-23 14:37:44.901944,1611412664.901944,1611412673.931653
86,PLTR210212P00023000,2021-01-22 20:55:17,23.0,0.34,0.27,0.35,-0.7099999,-67.61904,497,1102,1.0976607617187502,False,REGULAR,USD,32.55,32.5,32.525,2021-01-23 14:37:44.901944,1611412664.901944,1611412673.931653
87,PLTR210212P00023500,2021-01-22 20:49:59,23.5,0.4,0.31,0.42,-0.85,-68.0,96,191,1.0908248583984377,False,REGULAR,USD,32.55,32.5,32.525,2021-01-23 14:37:44.901944,1611412664.901944,1611412673.931653
88,PLTR210212P00024000,2021-01-22 20:57:58,24.0,0.47,0.45,0.49,-0.99,-67.80822,408,547,1.1162153564453123,False,REGULAR,USD,32.55,32.5,32.525,2021-01-23 14:37:44.901944,1611412664.901944,1611412673.931653
89,PLTR210212P00024500,2021-01-22 20:56:16,24.5,0.55,0.47,0.59,-1.1700001,-68.02326,104,178,1.1005904345703126,False,REGULAR,USD,32.55,32.5,32.525,2021-01-23 14:37:44.901944,1611412664.901944,1611412673.931653
90,PLTR210212P00025000,2021-01-22 20:57:56,25.0,0.64,0.58,0.69,-1.33,-67.51269,571,507,1.109379453125,False,REGULAR,USD,32.55,32.5,32.525,2021-01-23 14:37:44.901944,1611412664.901944,1611412673.931653
91,PLTR210212P00025500,2021-01-22 20:46:56,25.5,0.91,0.69,0.81,-1.3699999,-60.087715,77,94,1.1162153564453123,False,REGULAR,USD,32.55,32.5,32.525,2021-01-23 14:37:44.901944,1611412664.901944,1611412673.931653
92,PLTR210212P00026000,2021-01-22 20:59:10,26.0,0.9,0.82,0.95,-1.65,-64.70589,483,712,1.126957490234375,False,REGULAR,USD,32.55,32.5,32.525,2021-01-23 14:37:44.901944,1611412664.901944,1611412673.931653
93,PLTR210212P00026500,2021-01-22 20:57:18,26.5,1.06,0.97,1.09,-1.6700001,-61.172165,189,84,1.1357465087890626,False,REGULAR,USD,32.55,32.5,32.525,2021-01-23 14:37:44.901944,1611412664.901944,1611412673.931653
94,PLTR210212P00027000,2021-01-22 20:54:54,27.0,1.22,1.12,1.25,-2.08,-63.030304,254,79,1.1430706909179689,False,REGULAR,USD,32.55,32.5,32.525,2021-01-23 14:37:44.901944,1611412664.901944,1611412673.931653
95,PLTR210212P00027500,2021-01-22 20:59:58,27.5,1.35,1.29,1.43,-2.12,-61.095093,171,46,1.1533245458984376,False,REGULAR,USD,32.55,32.5,32.525,2021-01-23 14:37:44.901944,1611412664.901944,1611412673.931653
96,PLTR210212P00028000,2021-01-22 20:57:28,28.0,1.6,1.5,1.61,-2.15,-57.33334,378,59,1.1650432373046877,False,REGULAR,USD,32.55,32.5,32.525,2021-01-23 14:37:44.901944,1611412664.901944,1611412673.931653
97,PLTR210212P00028500,2021-01-22 20:47:19,28.5,1.8,1.67,1.81,-2.3,-56.09756,63,6,1.1679729101562502,False,REGULAR,USD,32.55,32.5,32.525,2021-01-23 14:37:44.901944,1611412664.901944,1611412673.931653
98,PLTR210212P00029000,2021-01-22 20:47:04,29.0,2.04,1.88,2.02,-2.58,-55.84416,252,48,1.1757853710937498,False,REGULAR,USD,32.55,32.5,32.525,2021-01-23 14:37:44.901944,1611412664.901944,1611412673.931653
99,PLTR210212P00029500,2021-01-22 20:21:43,29.5,2.44,2.1,2.25,-2.56,-51.199997,22,46,1.18359783203125,False,REGULAR,USD,32.55,32.5,32.525,2021-01-23 14:37:44.901944,1611412664.901944,1611412673.931653
100,PLTR210212P00030000,2021-01-22 20:54:33,30.0,2.44,2.34,2.49,-3.1100001,-56.036037,499,258,1.1928751293945314,False,REGULAR,USD,32.55,32.5,32.525,2021-01-23 14:37:44.901944,1611412664.901944,1611412673.931653
101,PLTR210212P00030500,2021-01-22 20:53:28,30.5,2.7,2.58,2.73,-2.9999998,-52.631577,88,20,1.197269638671875,False,REGULAR,USD,32.55,32.5,32.525,2021-01-23 14:37:44.901944,1611412664.901944,1611412673.931653
102,PLTR210212P00031000,2021-01-22 20:59:52,31.0,2.9,2.83,2.99,-3.6,-55.384613,149,8,1.203128984375,False,REGULAR,USD,32.55,32.5,32.525,2021-01-23 14:37:44.901944,1611412664.901944,1611412673.931653
103,PLTR210212P00031500,2021-01-22 20:47:43,31.5,3.43,3.1,3.2,-4.17,-54.868423,247,20,1.199711032714844,False,REGULAR,USD,32.55,32.5,32.525,2021-01-23 14:37:44.901944,1611412664.901944,1611412673.931653
104,PLTR210212P00032000,2021-01-22 20:58:24,32.0,3.5,3.4,3.55,-3.6999998,-51.38889,92,43,1.220707021484375,False,REGULAR,USD,32.55,32.5,32.525,2021-01-23 14:37:44.901944,1611412664.901944,1611412673.931653
105,PLTR210212P00032500,2021-01-22 20:56:43,32.5,3.8,3.65,3.8,-3.6699998,-49.129852,150,47,1.2133828393554684,False,REGULAR,USD,32.55,32.5,32.525,2021-01-23 14:37:44.901944,1611412664.901944,1611412673.931653
106,PLTR210212P00035000,2021-01-22 20:57:14,35.0,5.37,5.25,5.5,-4.6800003,-46.567165,377,5,1.2578162109375,True,REGULAR,USD,32.55,32.5,32.525,2021-01-23 14:37:44.901944,1611412664.901944,1611412673.931653
107,PLTR210219P00002500,2020-10-22 19:52:44,2.5,0.05,0.0,0.15,0.0,0.0,,10,4.562504296875,False,REGULAR,USD,32.55,32.5,32.525,2021-01-23 14:37:44.901944,1611412664.901944,1611412673.931653
108,PLTR210219P00004000,2020-12-30 18:49:56,4.0,0.01,0.0,0.01,0.0,0.0,1.0,210,2.6250034375,False,REGULAR,USD,32.55,32.5,32.525,2021-01-23 14:37:44.901944,1611412664.901944,1611412673.931653
109,PLTR210219P00005000,2021-01-19 18:47:02,5.0,0.01,0.0,0.02,0.0,0.0,20.0,601,2.5312536718749996,False,REGULAR,USD,32.55,32.5,32.525,2021-01-23 14:37:44.901944,1611412664.901944,1611412673.931653
110,PLTR210219P00006000,2021-01-12 18:30:43,6.0,0.01,0.0,0.02,0.0,0.0,2.0,1384,2.3125042187499996,False,REGULAR,USD,32.55,32.5,32.525,2021-01-23 14:37:44.901944,1611412664.901944,1611412673.931653
111,PLTR210219P00007500,2021-01-22 17:03:10,7.5,0.01,0.01,0.02,-0.01,-50.0,5.0,2347,2.0937547656249995,False,REGULAR,USD,32.55,32.5,32.525,2021-01-23 14:37:44.901944,1611412664.901944,1611412673.931653
112,PLTR210219P00009000,2021-01-19 18:47:02,9.0,0.03,0.0,0.03,0.0,0.0,30.0,1606,1.8281258593749998,False,REGULAR,USD,32.55,32.5,32.525,2021-01-23 14:37:44.901944,1611412664.901944,1611412673.931653
113,PLTR210219P00010000,2021-01-22 19:40:28,10.0,0.02,0.01,0.05,0.0,0.0,31.0,5726,1.8281258593749998,False,REGULAR,USD,32.55,32.5,32.525,2021-01-23 14:37:44.901944,1611412664.901944,1611412673.931653
114,PLTR210219P00011000,2021-01-22 20:46:54,11.0,0.02,0.01,0.02,0.0,0.0,5.0,1730,1.5625021874999998,False,REGULAR,USD,32.55,32.5,32.525,2021-01-23 14:37:44.901944,1611412664.901944,1611412673.931653
115,PLTR210219P00012500,2021-01-22 20:53:19,12.5,0.03,0.02,0.05,0.0,0.0,51.0,13203,1.5312523437499999,False,REGULAR,USD,32.55,32.5,32.525,2021-01-23 14:37:44.901944,1611412664.901944,1611412673.931653
116,PLTR210219P00014000,2021-01-22 20:52:49,14.0,0.03,0.02,0.08,0.01,50.0,214.0,5309,1.4296903515625,False,REGULAR,USD,32.55,32.5,32.525,2021-01-23 14:37:44.901944,1611412664.901944,1611412673.931653
117,PLTR210219P00015000,2021-01-22 20:53:45,15.0,0.05,0.04,0.09,0.010000002,25.000006,378.0,14011,1.3789093554687497,False,REGULAR,USD,32.55,32.5,32.525,2021-01-23 14:37:44.901944,1611412664.901944,1611412673.931653
118,PLTR210219P00016000,2021-01-22 20:59:04,16.0,0.04,0.04,0.1,-0.030000001,-42.857143,700.0,4657,1.2890660546875,False,REGULAR,USD,32.55,32.5,32.525,2021-01-23 14:37:44.901944,1611412664.901944,1611412673.931653
119,PLTR210219P00017500,2021-01-22 20:59:04,17.5,0.07,0.05,0.1,-0.080000006,-53.333336,840.0,7946,1.15625421875,False,REGULAR,USD,32.55,32.5,32.525,2021-01-23 14:37:44.901944,1611412664.901944,1611412673.931653
120,PLTR210219P00018000,2021-01-22 20:56:10,18.0,0.06,0.05,0.13,-0.13,-68.42105,586.0,502,1.1445355273437499,False,REGULAR,USD,32.55,32.5,32.525,2021-01-23 14:37:44.901944,1611412664.901944,1611412673.931653
121,PLTR210219P00019000,2021-01-22 20:59:04,19.0,0.13,0.11,0.16,-0.18,-58.06452,2021.0,22767,1.1328168359375002,False,REGULAR,USD,32.55,32.5,32.525,2021-01-23 14:37:44.901944,1611412664.901944,1611412673.931653
122,PLTR210219P00020000,2021-01-22 20:59:55,20.0,0.18,0.16,0.21,-0.29999998,-62.5,5618.0,18231,1.109379453125,False,REGULAR,USD,32.55,32.5,32.525,2021-01-23 14:37:44.901944,1611412664.901944,1611412673.931653
123,PLTR210219P00021000,2021-01-22 20:59:54,21.0,0.25,0.21,0.28,-0.47000003,-65.27778,9705.0,8827,1.0800827246093752,False,REGULAR,USD,32.55,32.5,32.525,2021-01-23 14:37:44.901944,1611412664.901944,1611412673.931653
124,PLTR210219P00021500,2021-01-22 20:52:34,21.5,0.3,0.24,0.33,-0.57,-65.51724,868.0,263,1.0703171484375003,False,REGULAR,USD,32.55,32.5,32.525,2021-01-23 14:37:44.901944,1611412664.901944,1611412673.931653
125,PLTR210219P00022000,2021-01-22 20:59:36,22.0,0.36,0.35,0.39,-0.68999994,-65.71428,4719.0,13145,1.09375453125,False,REGULAR,USD,32.55,32.5,32.525,2021-01-23 14:37:44.901944,1611412664.901944,1611412673.931653
126,PLTR210219P00022500,2021-01-22 20:57:14,22.5,0.43,0.37,0.46,-0.82,-65.6,639.0,386,1.0781296093750001,False,REGULAR,USD,32.55,32.5,32.525,2021-01-23 14:37:44.901944,1611412664.901944,1611412673.931653
127,PLTR210219P00023000,2021-01-22 20:59:36,23.0,0.5,0.5,0.54,-0.95000005,-65.51724,2946.0,29972,1.0996138769531252,False,REGULAR,USD,32.55,32.5,32.525,2021-01-23 14:37:44.901944,1611412664.901944,1611412673.931653
128,PLTR210219P00023500,2021-01-22 20:58:47,23.5,0.61,0.54,0.64,-1.0699999,-63.69047,382.0,246,1.08984830078125,False,REGULAR,USD,32.55,32.5,32.525,2021-01-23 14:37:44.901944,1611412664.901944,1611412673.931653
129,PLTR210219P00024000,2021-01-22 20:59:21,24.0,0.68,0.66,0.75,-1.24,-64.583336,2754.0,9316,1.1025435498046878,False,REGULAR,USD,32.55,32.5,32.525,2021-01-23 14:37:44.901944,1611412664.901944,1611412673.931653
130,PLTR210219P00024500,2021-01-22 20:56:23,24.5,0.85,0.77,0.86,-1.34,-61.187214,898.0,320,1.1054732226562503,False,REGULAR,USD,32.55,32.5,32.525,2021-01-23 14:37:44.901944,1611412664.901944,1611412673.931653
131,PLTR210219P00025000,2021-01-22 20:58:46,25.0,0.96,0.9,1.0,-1.49,-60.816322,6724.0,17698,1.115238798828125,False,REGULAR,USD,32.55,32.5,32.525,2021-01-23 14:37:44.901944,1611412664.901944,1611412673.931653
132,PLTR210219P00025500,2021-01-22 20:58:44,25.5,1.09,1.04,1.14,-1.66,-60.363632,8599.0,7986,1.1215864233398438,False,REGULAR,USD,32.55,32.5,32.525,2021-01-23 14:37:44.901944,1611412664.901944,1611412673.931653
133,PLTR210219P00026000,2021-01-22 20:58:57,26.0,1.27,1.23,1.3,-1.78,-58.360653,2787.0,5987,1.137211345214844,False,REGULAR,USD,32.55,32.5,32.525,2021-01-23 14:37:44.901944,1611412664.901944,1611412673.931653
134,PLTR210219P00026500,2021-01-22 20:56:27,26.5,1.46,1.37,1.47,-1.81,-55.35168,957.0,139,1.1396527392578126,False,REGULAR,USD,32.55,32.5,32.525,2021-01-23 14:37:44.901944,1611412664.901944,1611412673.931653
135,PLTR210219P00027000,2021-01-22 20:58:19,27.0,1.6,1.55,1.66,-2.15,-57.33334,1765.0,61582,1.1484417578125,False,REGULAR,USD,32.55,32.5,32.525,2021-01-23 14:37:44.901944,1611412664.901944,1611412673.931653
136,PLTR210219P00027500,2021-01-22 20:58:35,27.5,1.81,1.74,1.8,-2.14,-54.17722,677.0,425,1.1460003637695313,False,REGULAR,USD,32.55,32.5,32.525,2021-01-23 14:37:44.901944,1611412664.901944,1611412673.931653
137,PLTR210219P00028000,2021-01-22 20:59:33,28.0,1.96,1.96,2.01,-2.3899999,-54.942524,10446.0,1339,1.1572307763671876,False,REGULAR,USD,32.55,32.5,32.525,2021-01-23 14:37:44.901944,1611412664.901944,1611412673.931653
138,PLTR210219P00028500,2021-01-22 20:58:21,28.5,2.27,2.15,2.26,-2.4299998,-51.702126,319.0,580,1.1660197949218751,False,REGULAR,USD,32.55,32.5,32.525,2021-01-23 14:37:44.901944,1611412664.901944,1611412673.931653
139,PLTR210219P00029000,2021-01-22 20:58:21,29.0,2.5,2.37,2.48,-2.5500002,-50.495052,778.0,2644,1.1704143041992188,False,REGULAR,USD,32.55,32.5,32.525,2021-01-23 14:37:44.901944,1611412664.901944,1611412673.931653
140,PLTR210219P00029500,2021-01-22 20:58:37,29.5,2.73,2.6,2.72,-2.7199998,-49.908253,417.0,95,1.1762736499023436,False,REGULAR,USD,32.55,32.5,32.525,2021-01-23 14:37:44.901944,1611412664.901944,1611412673.931653
141,PLTR210219P00030000,2021-01-22 20:59:30,30.0,2.9,2.84,2.96,-2.9099998,-50.086056,3774.0,5825,1.1801798803710937,False,REGULAR,USD,32.55,32.5,32.525,2021-01-23 14:37:44.901944,1611412664.901944,1611412673.931653
142,PLTR210219P00030500,2021-01-22 20:51:43,30.5,3.3,3.1,3.25,-2.8999999,-46.774193,408.0,88,1.19141029296875,False,REGULAR,USD,32.55,32.5,32.525,2021-01-23 14:37:44.901944,1611412664.901944,1611412673.931653
143,PLTR210219P00031000,2021-01-22 20:56:00,31.0,3.45,3.4,3.5,-3.1000001,-47.328247,543.0,732,1.19922275390625,False,REGULAR,USD,32.55,32.5,32.525,2021-01-23 14:37:44.901944,1611412664.901944,1611412673.931653
144,PLTR210219P00031500,2021-01-22 20:57:53,31.5,3.8,3.7,3.75,-3.1499999,-45.323742,740.0,35,1.2041055419921873,False,REGULAR,USD,32.55,32.5,32.525,2021-01-23 14:37:44.901944,1611412664.901944,1611412673.931653
145,PLTR210219P00032000,2021-01-22 20:59:26,32.0,4.05,3.9,4.05,-3.35,-45.270267,719.0,182,1.19922275390625,False,REGULAR,USD,32.55,32.5,32.525,2021-01-23 14:37:44.901944,1611412664.901944,1611412673.931653
146,PLTR210219P00033000,2021-01-22 20:56:55,33.0,4.6,4.5,4.65,-3.6,-43.90244,563.0,254,1.2094766088867184,True,REGULAR,USD,32.55,32.5,32.525,2021-01-23 14:37:44.901944,1611412664.901944,1611412673.931653
147,PLTR210219P00034000,2021-01-22 20:54:19,34.0,5.25,5.1,5.3,-3.8000002,-41.988953,460.0,179,1.2168007910156249,True,REGULAR,USD,32.55,32.5,32.525,2021-01-23 14:37:44.901944,1611412664.901944,1611412673.931653
148,PLTR210219P00035000,2021-01-22 20:56:55,35.0,5.95,5.75,5.95,-3.9800005,-40.080566,457.0,41049,1.2216835791015623,True,REGULAR,USD,32.55,32.5,32.525,2021-01-23 14:37:44.901944,1611412664.901944,1611412673.931653
149,PLTR210219P00036000,2021-01-22 20:35:11,36.0,6.75,6.45,6.65,-3.5500002,-34.46602,247.0,277,1.231937434082031,True,REGULAR,USD,32.55,32.5,32.525,2021-01-23 14:37:44.901944,1611412664.901944,1611412673.931653
150,PLTR210219P00037000,2021-01-22 20:21:01,37.0,7.6,7.2,7.35,-3.7000003,-32.743366,130.0,86,1.2412147314453121,True,REGULAR,USD,32.55,32.5,32.525,2021-01-23 14:37:44.901944,1611412664.901944,1611412673.931653
151,PLTR210219P00038000,2021-01-22 20:34:14,38.0,8.2,7.95,8.1,-3.8500004,-31.95021,174.0,49,1.2500037499999999,True,REGULAR,USD,32.55,32.5,32.525,2021-01-23 14:37:44.901944,1611412664.901944,1611412673.931653
152,PLTR210219P00039000,2021-01-22 20:17:08,39.0,9.15,8.7,8.9,-4.05,-30.681818,27.0,70,1.2592810473632814,True,REGULAR,USD,32.55,32.5,32.525,2021-01-23 14:37:44.901944,1611412664.901944,1611412673.931653
153,PLTR210219P00040000,2021-01-22 20:53:31,40.0,9.65,9.5,9.7,-4.4000006,-31.31673,360.0,1793,1.2695349023437497,True,REGULAR,USD,32.55,32.5,32.525,2021-01-23 14:37:44.901944,1611412664.901944,1611412673.931653
154,PLTR210219P00041000,2021-01-22 20:45:48,41.0,10.75,10.3,10.5,-4.1499996,-27.852348,23.0,131,1.2734411328124997,True,REGULAR,USD,32.55,32.5,32.525,2021-01-23 14:37:44.901944,1611412664.901944,1611412673.931653
155,PLTR210219P00042000,2021-01-22 20:40:05,42.0,11.45,11.15,11.35,-4.25,-27.070063,26.0,30,1.2876012182617185,True,REGULAR,USD,32.55,32.5,32.525,2021-01-23 14:37:44.901944,1611412664.901944,1611412673.931653
156,PLTR210219P00043000,2021-01-22 20:41:46,43.0,12.4,12.0,12.2,-5.050001,-28.939835,12.0,24,1.2968785156249998,True,REGULAR,USD,32.55,32.5,32.525,2021-01-23 14:37:44.901944,1611412664.901944,1611412673.931653
157,PLTR210219P00044000,2021-01-22 17:41:20,44.0,15.95,12.9,13.1,-2.1999998,-12.121211,4.0,33,1.3183627832031248,True,REGULAR,USD,32.55,32.5,32.525,2021-01-23 14:37:44.901944,1611412664.901944,1611412673.931653
158,PLTR210219P00045000,2021-01-22 18:39:18,45.0,15.9,13.75,14.0,-3.3000011,-17.187506,14.0,15,1.3271518017578123,True,REGULAR,USD,32.55,32.5,32.525,2021-01-23 14:37:44.901944,1611412664.901944,1611412673.931653
159,PLTR210219P00046000,2021-01-22 18:42:50,46.0,16.8,14.65,14.9,-4.550001,-21.31148,21.0,13,1.3408236083984373,True,REGULAR,USD,32.55,32.5,32.525,2021-01-23 14:37:44.901944,1611412664.901944,1611412673.931653
160,PLTR210219P00047000,2021-01-22 17:41:20,47.0,18.8,15.55,15.8,-1.75,-8.515816,2.0,96,1.3515657421874998,True,REGULAR,USD,32.55,32.5,32.525,2021-01-23 14:37:44.901944,1611412664.901944,1611412673.931653
161,PLTR210219P00048000,2021-01-22 17:41:20,48.0,19.75,16.45,16.7,-2.3500004,-10.633486,41.0,70,1.3574250878906249,True,REGULAR,USD,32.55,32.5,32.525,2021-01-23 14:37:44.901944,1611412664.901944,1611412673.931653
162,PLTR210219P00049000,2021-01-22 20:18:58,49.0,17.6,17.4,17.65,-6.1499996,-25.894733,53.0,61,1.3808624707031247,True,REGULAR,USD,32.55,32.5,32.525,2021-01-23 14:37:44.901944,1611412664.901944,1611412673.931653
163,PLTR210219P00050000,2021-01-22 20:31:00,50.0,18.75,18.3,18.6,-4.75,-20.212767,60.0,36,1.3916046044921875,True,REGULAR,USD,32.55,32.5,32.525,2021-01-23 14:37:44.901944,1611412664.901944,1611412673.931653
164,PLTR210226P00015000,2021-01-22 20:29:42,15.0,0.1,0.03,0.11,-0.009999998,-9.090907,13,482,1.2500037499999999,False,REGULAR,USD,32.55,32.5,32.525,2021-01-23 14:37:44.901944,1611412664.901944,1611412673.931653
165,PLTR210226P00017000,2021-01-22 20:23:47,17.0,0.15,0.12,0.16,-0.099999994,-39.999996,14,45,1.201175869140625,False,REGULAR,USD,32.55,32.5,32.525,2021-01-23 14:37:44.901944,1611412664.901944,1611412673.931653
166,PLTR210226P00017500,2021-01-22 20:50:41,17.5,0.17,0.09,0.18,-0.19000001,-52.77778,45,55,1.1445355273437499,False,REGULAR,USD,32.55,32.5,32.525,2021-01-23 14:37:44.901944,1611412664.901944,1611412673.931653
167,PLTR210226P00018000,2021-01-22 20:52:41,18.0,0.19,0.12,0.2,-0.22,-53.65854,55,184,1.1367230664062502,False,REGULAR,USD,32.55,32.5,32.525,2021-01-23 14:37:44.901944,1611412664.901944,1611412673.931653
168,PLTR210226P00018500,2021-01-22 17:55:36,18.5,0.27,0.14,0.23,-0.23999998,-47.058823,7,127,1.125004375,False,REGULAR,USD,32.55,32.5,32.525,2021-01-23 14:37:44.901944,1611412664.901944,1611412673.931653
169,PLTR210226P00019000,2021-01-22 20:34:32,19.0,0.24,0.17,0.26,-0.3,-55.555557,77,154,1.11328568359375,False,REGULAR,USD,32.55,32.5,32.525,2021-01-23 14:37:44.901944,1611412664.901944,1611412673.931653
170,PLTR210226P00019500,2021-01-22 20:48:56,19.5,0.29,0.21,0.3,-0.44000003,-60.273975,12,78,1.109379453125,False,REGULAR,USD,32.55,32.5,32.525,2021-01-23 14:37:44.901944,1611412664.901944,1611412673.931653
171,PLTR210226P00020000,2021-01-22 20:58:06,20.0,0.34,0.32,0.35,-0.46,-57.5,946,441,1.1367230664062502,False,REGULAR,USD,32.55,32.5,32.525,2021-01-23 14:37:44.901944,1611412664.901944,1611412673.931653
172,PLTR210226P00020500,2021-01-22 20:20:49,20.5,0.45,0.32,0.41,-0.57,-55.88235,22,79,1.11328568359375,False,REGULAR,USD,32.55,32.5,32.525,2021-01-23 14:37:44.901944,1611412664.901944,1611412673.931653
173,PLTR210226P00021000,2021-01-22 20:55:29,21.0,0.44,0.44,0.48,-0.68,-60.714287,638,295,1.1347699511718752,False,REGULAR,USD,32.55,32.5,32.525,2021-01-23 14:37:44.901944,1611412664.901944,1611412673.931653
174,PLTR210226P00021500,2021-01-22 20:58:01,21.5,0.5,0.47,0.55,-0.80999994,-61.832058,77,105,1.119145029296875,False,REGULAR,USD,32.55,32.5,32.525,2021-01-23 14:37:44.901944,1611412664.901944,1611412673.931653
175,PLTR210226P00022000,2021-01-22 20:58:01,22.0,0.61,0.55,0.64,-0.90999997,-59.86842,338,285,1.1220747021484376,False,REGULAR,USD,32.55,32.5,32.525,2021-01-23 14:37:44.901944,1611412664.901944,1611412673.931653
176,PLTR210226P00022500,2021-01-22 20:55:35,22.5,0.71,0.64,0.74,-0.9800001,-57.988167,87,245,1.125004375,False,REGULAR,USD,32.55,32.5,32.525,2021-01-23 14:37:44.901944,1611412664.901944,1611412673.931653
177,PLTR210226P00023000,2021-01-22 20:46:13,23.0,0.82,0.75,0.85,-1.0799999,-56.842102,337,479,1.1308637207031251,False,REGULAR,USD,32.55,32.5,32.525,2021-01-23 14:37:44.901944,1611412664.901944,1611412673.931653
178,PLTR210226P00023500,2021-01-22 20:49:10,23.5,0.94,0.87,0.97,-1.23,-56.682026,58,148,1.1367230664062502,False,REGULAR,USD,32.55,32.5,32.525,2021-01-23 14:37:44.901944,1611412664.901944,1611412673.931653
179,PLTR210226P00024000,2021-01-22 20:53:56,24.0,1.07,1.0,1.1,-1.38,-56.326527,269,1420,1.1420941333007812,False,REGULAR,USD,32.55,32.5,32.525,2021-01-23 14:37:44.901944,1611412664.901944,1611412673.931653
180,PLTR210226P00024500,2021-01-22 20:13:32,24.5,1.33,1.14,1.25,-1.34,-50.187267,14,244,1.1494183154296875,False,REGULAR,USD,32.55,32.5,32.525,2021-01-23 14:37:44.901944,1611412664.901944,1611412673.931653
181,PLTR210226P00025000,2021-01-22 20:56:54,25.0,1.37,1.3,1.4,-1.6,-53.872055,370,1371,1.1552776611328124,False,REGULAR,USD,32.55,32.5,32.525,2021-01-23 14:37:44.901944,1611412664.901944,1611412673.931653
182,PLTR210226P00025500,2021-01-22 20:23:04,25.5,1.69,1.46,1.56,-1.5899999,-48.47561,117,98,1.1596721704101562,False,REGULAR,USD,32.55,32.5,32.525,2021-01-23 14:37:44.901944,1611412664.901944,1611412673.931653
183,PLTR210226P00026000,2021-01-22 20:56:53,26.0,1.7,1.63,1.74,-1.81,-51.56695,194,233,1.1650432373046877,False,REGULAR,USD,32.55,32.5,32.525,2021-01-23 14:37:44.901944,1611412664.901944,1611412673.931653
184,PLTR210226P00026500,2021-01-22 20:49:17,26.5,2.0,1.81,1.92,-2.0,-50.0,298,283,1.1689494677734376,False,REGULAR,USD,32.55,32.5,32.525,2021-01-23 14:37:44.901944,1611412664.901944,1611412673.931653
185,PLTR210226P00027000,2021-01-22 20:55:43,27.0,2.06,2.01,2.12,-2.1399999,-50.95238,540,145,1.1757853710937498,False,REGULAR,USD,32.55,32.5,32.525,2021-01-23 14:37:44.901944,1611412664.901944,1611412673.931653
186,PLTR210226P00027500,2021-01-22 20:56:42,27.5,2.28,2.21,2.32,-2.07,-47.586205,1326,6,1.1787150439453122,False,REGULAR,USD,32.55,32.5,32.525,2021-01-23 14:37:44.901944,1611412664.901944,1611412673.931653
187,PLTR210226P00028000,2021-01-22 20:58:38,28.0,2.48,2.43,2.54,-2.17,-46.666668,475,25,1.1850626684570313,False,REGULAR,USD,32.55,32.5,32.525,2021-01-23 14:37:44.901944,1611412664.901944,1611412673.931653
188,PLTR210226P00028500,2021-01-22 20:44:31,28.5,2.8,2.72,2.76,-2.45,-46.666668,23,5,1.1982461962890625,False,REGULAR,USD,32.55,32.5,32.525,2021-01-23 14:37:44.901944,1611412664.901944,1611412673.931653
189,PLTR210226P00029000,2021-01-22 20:36:46,29.0,3.08,2.88,3.0,-2.4,-43.79562,12,5,1.1923868505859376,False,REGULAR,USD,32.55,32.5,32.525,2021-01-23 14:37:44.901944,1611412664.901944,1611412673.931653
190,PLTR210226P00029500,2021-01-22 20:49:01,29.5,3.4,3.1,3.25,-2.2999997,-40.350872,227,4,1.1943399658203124,False,REGULAR,USD,32.55,32.5,32.525,2021-01-23 14:37:44.901944,1611412664.901944,1611412673.931653
191,PLTR210226P00030000,2021-01-22 20:55:52,30.0,3.45,3.35,3.5,-2.8100002,-44.88818,456,49,1.1977579174804687,False,REGULAR,USD,32.55,32.5,32.525,2021-01-23 14:37:44.901944,1611412664.901944,1611412673.931653
192,PLTR210226P00031000,2021-01-22 20:56:15,31.0,4.02,4.0,4.05,-3.1,-43.539326,123,14,1.2231484155273438,False,REGULAR,USD,32.55,32.5,32.525,2021-01-23 14:37:44.901944,1611412664.901944,1611412673.931653
193,PLTR210226P00032000,2021-01-22 20:59:21,32.0,4.54,6.65,6.85,-3.5600004,-43.95062,1,0,1.7866221606445314,False,REGULAR,USD,32.55,32.5,32.525,2021-01-23 14:37:44.901944,1611412664.901944,1611412673.931653
194,PLTR210226P00033000,2021-01-22 20:34:14,33.0,5.2,5.05,5.25,-3.3000002,-38.823532,223,4,1.2260780883789062,True,REGULAR,USD,32.55,32.5,32.525,2021-01-23 14:37:44.901944,1611412664.901944,1611412673.931653
195,PLTR210226P00035000,2021-01-22 20:40:49,35.0,6.62,6.35,6.55,-3.7399998,-36.100384,174,8,1.241703010253906,True,REGULAR,USD,32.55,32.5,32.525,2021-01-23 14:37:44.901944,1611412664.901944,1611412673.931653
196,PLTR210305P00019500,2021-01-22 19:18:45,19.5,0.48,0.71,0.86,-0.5,-51.02041,31,,1.37109689453125,False,REGULAR,USD,32.55,32.5,32.525,2021-01-23 14:37:44.901944,1611412664.901944,1611412673.931653
197,PLTR210305P00020000,2021-01-22 20:53:01,20.0,0.47,0.84,0.98,-0.63,-57.272728,19,,1.3837921435546874,False,REGULAR,USD,32.55,32.5,32.525,2021-01-23 14:37:44.901944,1611412664.901944,1611412673.931653
198,PLTR210305P00020500,2021-01-22 19:49:53,20.5,0.67,0.95,1.11,-0.62999994,-48.461536,6,,1.3896514892578122,False,REGULAR,USD,32.55,32.5,32.525,2021-01-23 14:37:44.901944,1611412664.901944,1611412673.931653
199,PLTR210305P00021000,2021-01-22 20:54:37,21.0,0.65,1.14,1.29,-0.84000003,-56.375843,7,,1.4189482177734376,False,REGULAR,USD,32.55,32.5,32.525,2021-01-23 14:37:44.901944,1611412664.901944,1611412673.931653
200,PLTR210305P00021500,2021-01-22 18:54:42,21.5,0.79,1.29,1.46,-0.82,-50.931675,1,,1.4321317456054685,False,REGULAR,USD,32.55,32.5,32.525,2021-01-23 14:37:44.901944,1611412664.901944,1611412673.931653
201,PLTR210305P00022000,2021-01-22 20:54:37,22.0,0.85,1.55,1.65,-1.0,-54.05405,236,,1.4658229833984375,False,REGULAR,USD,32.55,32.5,32.525,2021-01-23 14:37:44.901944,1611412664.901944,1611412673.931653
202,PLTR210305P00022500,2021-01-22 19:57:28,22.5,1.05,1.64,1.8,-1.06,-50.236965,19,,1.4541042919921874,False,REGULAR,USD,32.55,32.5,32.525,2021-01-23 14:37:44.901944,1611412664.901944,1611412673.931653
203,PLTR210305P00023000,2021-01-22 20:31:31,23.0,1.17,1.9,2.02,-1.15,-49.568966,12,,1.4834010205078125,False,REGULAR,USD,32.55,32.5,32.525,2021-01-23 14:37:44.901944,1611412664.901944,1611412673.931653
204,PLTR210305P00024000,2021-01-22 20:28:14,24.0,1.52,2.29,2.48,-1.3399999,-46.853146,14,,1.509768076171875,False,REGULAR,USD,32.55,32.5,32.525,2021-01-23 14:37:44.901944,1611412664.901944,1611412673.931653
205,PLTR210305P00025000,2021-01-22 20:48:41,25.0,1.71,2.85,2.95,-1.6800001,-49.55752,26,,1.5502952172851558,False,REGULAR,USD,32.55,32.5,32.525,2021-01-23 14:37:44.901944,1611412664.901944,1611412673.931653
206,PLTR210305P00025500,2021-01-21 19:53:56,25.5,1.95,3.1,3.25,-1.7,-46.575344,1,,1.5703146484375,False,REGULAR,USD,32.55,32.5,32.525,2021-01-23 14:37:44.901944,1611412664.901944,1611412673.931653
207,PLTR210305P00026000,2021-01-22 20:42:55,26.0,2.12,3.35,3.55,-1.9100003,-47.394547,1,,1.5878926855468747,False,REGULAR,USD,32.55,32.5,32.525,2021-01-23 14:37:44.901944,1611412664.901944,1611412673.931653
208,PLTR210305P00027500,2021-01-22 19:34:10,27.5,3.23,4.25,4.45,-1.7199998,-34.74747,1,,1.6435564697265623,False,REGULAR,USD,32.55,32.5,32.525,2021-01-23 14:37:44.901944,1611412664.901944,1611412673.931653
209,PLTR210319P00003000,2021-01-22 18:19:32,3.0,0.03,0.0,0.01,0.02,200.0,5,24,2.1250046874999997,False,REGULAR,USD,32.55,32.5,32.525,2021-01-23 14:37:44.901944,1611412664.901944,1611412673.931653
210,PLTR210319P00005000,2021-01-19 17:38:27,5.0,0.03,0.0,0.05,0.0,0.0,5,250,1.984375078125,False,REGULAR,USD,32.55,32.5,32.525,2021-01-23 14:37:44.901944,1611412664.901944,1611412673.931653
211,PLTR210319P00010000,2021-01-22 20:34:39,10.0,0.05,0.03,0.09,0.0,0.0,180,1346,1.421877890625,False,REGULAR,USD,32.55,32.5,32.525,2021-01-23 14:37:44.901944,1611412664.901944,1611412673.931653
212,PLTR210319P00011000,2021-01-22 19:54:09,11.0,0.09,0.02,0.1,0.020000003,28.571432,25,1007,1.3125034374999998,False,REGULAR,USD,32.55,32.5,32.525,2021-01-23 14:37:44.901944,1611412664.901944,1611412673.931653
213,PLTR210319P00012000,2021-01-22 20:48:19,12.0,0.09,0.08,0.12,0.010000005,12.500008,21,730,1.3164096679687498,False,REGULAR,USD,32.55,32.5,32.525,2021-01-23 14:37:44.901944,1611412664.901944,1611412673.931653
214,PLTR210319P00013000,2021-01-22 20:57:50,13.0,0.12,0.08,0.16,-0.030000009,-20.000004,25,1979,1.2578162109375,False,REGULAR,USD,32.55,32.5,32.525,2021-01-23 14:37:44.901944,1611412664.901944,1611412673.931653
215,PLTR210319P00014000,2021-01-22 20:28:12,14.0,0.15,0.13,0.2,-0.08,-34.782608,64,1942,1.2343788281249999,False,REGULAR,USD,32.55,32.5,32.525,2021-01-23 14:37:44.901944,1611412664.901944,1611412673.931653
216,PLTR210319P00015000,2021-01-22 20:57:44,15.0,0.23,0.22,0.25,-0.11999999,-34.285713,458,29433,1.228519482421875,False,REGULAR,USD,32.55,32.5,32.525,2021-01-23 14:37:44.901944,1611412664.901944,1611412673.931653
217,PLTR210319P00016000,2021-01-22 20:54:27,16.0,0.3,0.31,0.33,-0.20999998,-41.176468,461,4256,1.21875390625,False,REGULAR,USD,32.55,32.5,32.525,2021-01-23 14:37:44.901944,1611412664.901944,1611412673.931653
218,PLTR210319P00017000,2021-01-22 20:57:28,17.0,0.41,0.4,0.43,-0.31000003,-43.055557,789,2656,1.2021524267578125,False,REGULAR,USD,32.55,32.5,32.525,2021-01-23 14:37:44.901944,1611412664.901944,1611412673.931653
219,PLTR210319P00018000,2021-01-22 20:57:54,18.0,0.54,0.5,0.56,-0.45,-45.454544,6944,3412,1.1875040625,False,REGULAR,USD,32.55,32.5,32.525,2021-01-23 14:37:44.901944,1611412664.901944,1611412673.931653
220,PLTR210319P00019000,2021-01-22 20:56:34,19.0,0.71,0.69,0.72,-0.6100001,-46.212124,6814,3484,1.1943399658203124,False,REGULAR,USD,32.55,32.5,32.525,2021-01-23 14:37:44.901944,1611412664.901944,1611412673.931653
221,PLTR210319P00020000,2021-01-22 20:58:21,20.0,0.91,0.89,0.93,-0.78000003,-46.153847,1928,25590,1.19922275390625,False,REGULAR,USD,32.55,32.5,32.525,2021-01-23 14:37:44.901944,1611412664.901944,1611412673.931653
222,PLTR210319P00021000,2021-01-22 20:59:28,21.0,1.16,1.14,1.17,-0.97000015,-45.53991,970,3632,1.2060586572265624,False,REGULAR,USD,32.55,32.5,32.525,2021-01-23 14:37:44.901944,1611412664.901944,1611412673.931653
223,PLTR210319P00022000,2021-01-22 20:54:38,22.0,1.43,1.36,1.45,-1.18,-45.210728,653,15124,1.2026407055664063,False,REGULAR,USD,32.55,32.5,32.525,2021-01-23 14:37:44.901944,1611412664.901944,1611412673.931653
224,PLTR210319P00023000,2021-01-22 20:50:40,23.0,1.8,1.74,1.77,-1.3,-41.935482,2094,6289,1.2211953002929685,False,REGULAR,USD,32.55,32.5,32.525,2021-01-23 14:37:44.901944,1611412664.901944,1611412673.931653
225,PLTR210319P00024000,2021-01-22 20:57:51,24.0,2.08,2.07,2.12,-1.5700002,-43.013702,1081,68877,1.224613251953125,False,REGULAR,USD,32.55,32.5,32.525,2021-01-23 14:37:44.901944,1611412664.901944,1611412673.931653
226,PLTR210319P00025000,2021-01-22 20:58:08,25.0,2.5,2.45,2.51,-1.75,-41.17647,1917,29112,1.2309608764648439,False,REGULAR,USD,32.55,32.5,32.525,2021-01-23 14:37:44.901944,1611412664.901944,1611412673.931653
227,PLTR210319P00026000,2021-01-22 20:58:55,26.0,2.84,2.81,2.92,-2.0600002,-42.040817,513,2380,1.228519482421875,False,REGULAR,USD,32.55,32.5,32.525,2021-01-23 14:37:44.901944,1611412664.901944,1611412673.931653
228,PLTR210319P00027000,2021-01-22 20:57:36,27.0,3.37,3.25,3.4,-2.08,-38.16514,438,3968,1.2368202221679687,False,REGULAR,USD,32.55,32.5,32.525,2021-01-23 14:37:44.901944,1611412664.901944,1611412673.931653
229,PLTR210319P00028000,2021-01-22 20:58:03,28.0,3.85,3.8,3.9,-2.25,-36.885246,34507,986,1.2524451440429685,False,REGULAR,USD,32.55,32.5,32.525,2021-01-23 14:37:44.901944,1611412664.901944,1611412673.931653
230,PLTR210319P00029000,2021-01-22 20:56:08,29.0,4.34,4.25,4.4,-2.56,-37.101448,2704,39108,1.2492713317871091,False,REGULAR,USD,32.55,32.5,32.525,2021-01-23 14:37:44.901944,1611412664.901944,1611412673.931653
231,PLTR210319P00030000,2021-01-22 20:52:27,30.0,4.9,4.75,4.9,-2.7599998,-36.03133,1826,2717,1.245609240722656,False,REGULAR,USD,32.55,32.5,32.525,2021-01-23 14:37:44.901944,1611412664.901944,1611412673.931653
232,PLTR210319P00031000,2021-01-22 20:52:18,31.0,5.5,5.3,5.5,-2.8000002,-33.73494,115,157,1.2524451440429685,False,REGULAR,USD,32.55,32.5,32.525,2021-01-23 14:37:44.901944,1611412664.901944,1611412673.931653
233,PLTR210319P00032000,2021-01-22 20:59:04,32.0,6.1,6.0,6.1,-3.2999997,-35.10638,5671,468,1.2685583447265623,False,REGULAR,USD,32.55,32.5,32.525,2021-01-23 14:37:44.901944,1611412664.901944,1611412673.931653
234,PLTR210319P00033000,2021-01-22 20:53:34,33.0,6.7,6.55,6.7,-3.4499998,-33.990147,366,156,1.2644079748535155,True,REGULAR,USD,32.55,32.5,32.525,2021-01-23 14:37:44.901944,1611412664.901944,1611412673.931653
235,PLTR210319P00034000,2021-01-22 20:30:55,34.0,7.48,7.15,7.35,-3.3700004,-31.05991,67,109,1.2656286718749998,True,REGULAR,USD,32.55,32.5,32.525,2021-01-23 14:37:44.901944,1611412664.901944,1611412673.931653
236,PLTR210319P00035000,2021-01-22 20:59:19,35.0,7.9,7.85,8.0,-3.6,-31.304348,3832,20822,1.2719762963867183,True,REGULAR,USD,32.55,32.5,32.525,2021-01-23 14:37:44.901944,1611412664.901944,1611412673.931653
237,PLTR210319P00036000,2021-01-22 20:36:46,36.0,8.85,8.5,8.7,-2.8499994,-24.35897,19,35,1.2744176904296873,True,REGULAR,USD,32.55,32.5,32.525,2021-01-23 14:37:44.901944,1611412664.901944,1611412673.931653
238,PLTR210319P00037000,2021-01-22 20:49:49,37.0,9.5,9.2,9.4,-3.5,-26.923079,78,29,1.2778356420898436,True,REGULAR,USD,32.55,32.5,32.525,2021-01-23 14:37:44.901944,1611412664.901944,1611412673.931653
239,PLTR210319P00038000,2021-01-22 19:52:14,38.0,10.9,9.95,10.15,-3.7800007,-25.749323,7,1,1.2871129394531249,True,REGULAR,USD,32.55,32.5,32.525,2021-01-23 14:37:44.901944,1611412664.901944,1611412673.931653
240,PLTR210319P00039000,2021-01-22 20:34:59,39.0,10.95,10.7,10.9,-3.8000002,-25.762712,126,423,1.29297228515625,True,REGULAR,USD,32.55,32.5,32.525,2021-01-23 14:37:44.901944,1611412664.901944,1611412673.931653
241,PLTR210319P00040000,2021-01-22 20:49:51,40.0,11.8,11.45,11.65,-3.9499998,-25.079363,146,636,1.2956578186035155,True,REGULAR,USD,32.55,32.5,32.525,2021-01-23 14:37:44.901944,1611412664.901944,1611412673.931653
242,PLTR210319P00041000,2021-01-22 20:39:54,41.0,12.5,12.2,12.45,-3.5,-21.875,6,41,1.3002964672851558,True,REGULAR,USD,32.55,32.5,32.525,2021-01-23 14:37:44.901944,1611412664.901944,1611412673.931653
243,PLTR210319P00042000,2021-01-22 20:52:11,42.0,13.25,13.0,13.25,-3.2999992,-19.939573,11,19,1.3066440917968747,True,REGULAR,USD,32.55,32.5,32.525,2021-01-23 14:37:44.901944,1611412664.901944,1611412673.931653
244,PLTR210319P00043000,2021-01-22 20:49:51,43.0,14.2,13.8,14.05,-6.500001,-31.40097,49,2,1.3105503222656247,True,REGULAR,USD,32.55,32.5,32.525,2021-01-23 14:37:44.901944,1611412664.901944,1611412673.931653
245,PLTR210319P00044000,2021-01-22 18:01:48,44.0,16.9,14.65,14.85,-2.9500008,-14.8614645,4,18,1.3173862255859374,True,REGULAR,USD,32.55,32.5,32.525,2021-01-23 14:37:44.901944,1611412664.901944,1611412673.931653
246,PLTR210319P00045000,2021-01-22 20:14:09,45.0,16.0,15.45,15.7,-4.5,-21.95122,41,2000,1.3212924560546875,True,REGULAR,USD,32.55,32.5,32.525,2021-01-23 14:37:44.901944,1611412664.901944,1611412673.931653
247,PLTR210319P00047000,2021-01-22 19:51:33,47.0,18.4,17.15,17.4,-3.2000008,-14.814817,32,2,1.3330111474609372,True,REGULAR,USD,32.55,32.5,32.525,2021-01-23 14:37:44.901944,1611412664.901944,1611412673.931653
248,PLTR210319P00048000,2021-01-22 19:52:26,48.0,19.15,18.0,18.25,-3.3500004,-14.88889,13,22,1.3359408203124996,True,REGULAR,USD,32.55,32.5,32.525,2021-01-23 14:37:44.901944,1611412664.901944,1611412673.931653
249,PLTR210319P00049000,2021-01-22 17:59:12,49.0,21.15,18.9,19.15,-5.5,-20.6379,22,3,1.3481477905273436,True,REGULAR,USD,32.55,32.5,32.525,2021-01-23 14:37:44.901944,1611412664.901944,1611412673.931653
250,PLTR210319P00050000,2021-01-22 19:52:06,50.0,21.0,19.75,20.05,-3.1499996,-13.043477,565,29,1.3525422998046874,True,REGULAR,USD,32.55,32.5,32.525,2021-01-23 14:37:44.901944,1611412664.901944,1611412673.931653
251,PLTR210521P00002500,2020-12-18 20:40:36,2.5,0.06,0.01,0.05,0.0,0.0,1.0,105,1.9375003125,False,REGULAR,USD,32.55,32.5,32.525,2021-01-23 14:37:44.901944,1611412664.901944,1611412673.931653
252,PLTR210521P00004000,2021-01-07 15:18:45,4.0,0.03,0.01,0.04,0.0,0.0,1.0,30,1.5312523437499999,False,REGULAR,USD,32.55,32.5,32.525,2021-01-23 14:37:44.901944,1611412664.901944,1611412673.931653
253,PLTR210521P00005000,2021-01-22 17:31:45,5.0,0.02,0.02,0.09,-0.04,-66.66667,4.0,4794,1.5156274218749999,False,REGULAR,USD,32.55,32.5,32.525,2021-01-23 14:37:44.901944,1611412664.901944,1611412673.931653
254,PLTR210521P00006000,2021-01-20 15:39:29,6.0,0.05,0.05,0.1,0.0,0.0,1.0,536,1.4296903515625,False,REGULAR,USD,32.55,32.5,32.525,2021-01-23 14:37:44.901944,1611412664.901944,1611412673.931653
255,PLTR210521P00007500,2021-01-22 19:28:24,7.5,0.05,0.05,0.15,-0.05,-50.0,10.0,1758,1.3007847460937496,False,REGULAR,USD,32.55,32.5,32.525,2021-01-23 14:37:44.901944,1611412664.901944,1611412673.931653
256,PLTR210521P00009000,2021-01-22 20:38:36,9.0,0.15,0.1,0.2,-0.00999999,-6.2499943,3.0,2069,1.228519482421875,False,REGULAR,USD,32.55,32.5,32.525,2021-01-23 14:37:44.901944,1611412664.901944,1611412673.931653
257,PLTR210521P00010000,2021-01-22 20:52:38,10.0,0.2,0.15,0.2,0.019999996,11.111108,41.0,8405,1.1660197949218751,False,REGULAR,USD,32.55,32.5,32.525,2021-01-23 14:37:44.901944,1611412664.901944,1611412673.931653
258,PLTR210521P00011000,2021-01-22 19:54:25,11.0,0.2,0.2,0.41,-0.2,-50.0,22.0,1375,1.205082099609375,False,REGULAR,USD,32.55,32.5,32.525,2021-01-23 14:37:44.901944,1611412664.901944,1611412673.931653
259,PLTR210521P00012500,2021-01-22 20:25:37,12.5,0.37,0.25,0.42,-0.07999998,-17.777775,16.0,3163,1.0976607617187502,False,REGULAR,USD,32.55,32.5,32.525,2021-01-23 14:37:44.901944,1611412664.901944,1611412673.931653
260,PLTR210521P00014000,2021-01-22 20:46:37,14.0,0.54,0.35,0.69,-0.22999996,-29.870125,32.0,1846,1.091801416015625,False,REGULAR,USD,32.55,32.5,32.525,2021-01-23 14:37:44.901944,1611412664.901944,1611412673.931653
261,PLTR210521P00015000,2021-01-22 20:53:31,15.0,0.61,0.57,0.75,-0.40999997,-40.196075,194.0,4529,1.0815475610351561,False,REGULAR,USD,32.55,32.5,32.525,2021-01-23 14:37:44.901944,1611412664.901944,1611412673.931653
262,PLTR210521P00016000,2021-01-22 20:41:24,16.0,0.85,0.8,1.04,-0.49,-36.56716,416.0,6617,1.1103560107421875,False,REGULAR,USD,32.55,32.5,32.525,2021-01-23 14:37:44.901944,1611412664.901944,1611412673.931653
263,PLTR210521P00017500,2021-01-22 20:43:44,17.5,1.26,0.97,1.5,-0.52,-29.213482,533.0,6194,1.0996138769531252,False,REGULAR,USD,32.55,32.5,32.525,2021-01-23 14:37:44.901944,1611412664.901944,1611412673.931653
264,PLTR210521P00019000,2021-01-22 20:00:05,19.0,1.75,1.35,1.84,-0.6600001,-27.385893,92.0,6634,1.0874069067382814,False,REGULAR,USD,32.55,32.5,32.525,2021-01-23 14:37:44.901944,1611412664.901944,1611412673.931653
265,PLTR210521P00020000,2021-01-22 20:57:37,20.0,1.87,1.74,2.0,-0.9799999,-34.38596,5025.0,12017,1.080571003417969,False,REGULAR,USD,32.55,32.5,32.525,2021-01-23 14:37:44.901944,1611412664.901944,1611412673.931653
266,PLTR210521P00021000,2021-01-22 20:50:44,21.0,2.3,2.01,2.44,-1.0800002,-31.952667,31.0,3319,1.0864303491210938,False,REGULAR,USD,32.55,32.5,32.525,2021-01-23 14:37:44.901944,1611412664.901944,1611412673.931653
267,PLTR210521P00022000,2021-01-22 20:10:54,22.0,2.5,2.42,2.82,-1.4000001,-35.897438,623.0,4840,1.09375453125,False,REGULAR,USD,32.55,32.5,32.525,2021-01-23 14:37:44.901944,1611412664.901944,1611412673.931653
268,PLTR210521P00023000,2021-01-22 20:35:41,23.0,3.2,2.63,3.3,-1.3,-28.888887,691.0,2579,1.0849655126953124,False,REGULAR,USD,32.55,32.5,32.525,2021-01-23 14:37:44.901944,1611412664.901944,1611412673.931653
269,PLTR210521P00024000,2021-01-22 20:57:24,24.0,3.3,3.25,3.8,-1.7100003,-34.13174,103.0,1650,1.1123091259765625,False,REGULAR,USD,32.55,32.5,32.525,2021-01-23 14:37:44.901944,1611412664.901944,1611412673.931653
270,PLTR210521P00025000,2021-01-22 20:38:26,25.0,3.95,3.7,4.15,-1.7099998,-30.212011,722.0,11904,1.103764246826172,False,REGULAR,USD,32.55,32.5,32.525,2021-01-23 14:37:44.901944,1611412664.901944,1611412673.931653
271,PLTR210521P00026000,2021-01-22 20:58:27,26.0,4.45,4.3,4.75,-1.9000001,-29.92126,169.0,1234,1.1254926538085939,False,REGULAR,USD,32.55,32.5,32.525,2021-01-23 14:37:44.901944,1611412664.901944,1611412673.931653
272,PLTR210521P00027000,2021-01-22 20:36:23,27.0,5.1,4.9,5.2,-1.9500003,-27.659576,279.0,6594,1.1296430236816408,False,REGULAR,USD,32.55,32.5,32.525,2021-01-23 14:37:44.901944,1611412664.901944,1611412673.931653
273,PLTR210521P00028000,2021-01-22 20:57:08,28.0,5.43,5.25,5.8,-2.19,-28.740158,128.0,4947,1.1220747021484376,False,REGULAR,USD,32.55,32.5,32.525,2021-01-23 14:37:44.901944,1611412664.901944,1611412673.931653
274,PLTR210521P00029000,2021-01-22 19:04:50,29.0,6.65,5.75,6.4,-1.6100001,-19.491526,57.0,1329,1.1228071203613283,False,REGULAR,USD,32.55,32.5,32.525,2021-01-23 14:37:44.901944,1611412664.901944,1611412673.931653
275,PLTR210521P00030000,2021-01-22 20:59:15,30.0,6.7,6.35,6.75,-2.4300003,-26.615557,1255.0,600,1.109379453125,False,REGULAR,USD,32.55,32.5,32.525,2021-01-23 14:37:44.901944,1611412664.901944,1611412673.931653
276,PLTR210521P00031000,2021-01-22 20:58:27,31.0,7.35,7.25,7.5,-2.35,-24.226805,99.0,31,1.1445355273437499,False,REGULAR,USD,32.55,32.5,32.525,2021-01-23 14:37:44.901944,1611412664.901944,1611412673.931653
277,PLTR210521P00032000,2021-01-22 20:46:35,32.0,8.2,7.8,8.9,-2.3500004,-22.274885,150.0,123,1.197269638671875,False,REGULAR,USD,32.55,32.5,32.525,2021-01-23 14:37:44.901944,1611412664.901944,1611412673.931653
278,PLTR210521P00033000,2021-01-22 20:54:48,33.0,8.5,8.15,9.05,-2.8000002,-24.778763,17.0,19,1.1430706909179689,True,REGULAR,USD,32.55,32.5,32.525,2021-01-23 14:37:44.901944,1611412664.901944,1611412673.931653
279,PLTR210521P00034000,2021-01-22 20:20:27,34.0,9.55,8.85,9.8,-1.8499994,-16.228065,46.0,41,1.154301103515625,True,REGULAR,USD,32.55,32.5,32.525,2021-01-23 14:37:44.901944,1611412664.901944,1611412673.931653
280,PLTR210521P00035000,2021-01-22 20:43:11,35.0,10.0,9.55,10.35,-2.9499998,-22.779922,64.0,118,1.1494183154296875,True,REGULAR,USD,32.55,32.5,32.525,2021-01-23 14:37:44.901944,1611412664.901944,1611412673.931653
281,PLTR210521P00036000,2021-01-22 20:19:16,36.0,10.89,10.25,11.5,-2.96,-21.371841,19.0,19,1.183353692626953,True,REGULAR,USD,32.55,32.5,32.525,2021-01-23 14:37:44.901944,1611412664.901944,1611412673.931653
282,PLTR210521P00037000,2020-11-30 14:45:46,37.0,16.5,14.55,15.85,0.0,0.0,1.0,3,1.689454677734375,True,REGULAR,USD,32.55,32.5,32.525,2021-01-23 14:37:44.901944,1611412664.901944,1611412673.931653
283,PLTR210521P00038000,2021-01-22 20:59:57,38.0,11.8,11.55,13.05,-4.4000006,-27.160496,7.0,20,1.1867716442871092,True,REGULAR,USD,32.55,32.5,32.525,2021-01-23 14:37:44.901944,1611412664.901944,1611412673.931653
284,PLTR210521P00039000,2021-01-22 20:17:12,39.0,13.13,12.4,13.2,-2.87,-17.9375,90.0,46,1.1569866369628907,True,REGULAR,USD,32.55,32.5,32.525,2021-01-23 14:37:44.901944,1611412664.901944,1611412673.931653
285,PLTR210521P00040000,2021-01-22 20:48:38,40.0,13.75,13.2,14.25,-3.8999996,-22.096315,61.0,151,1.1828654138183592,True,REGULAR,USD,32.55,32.5,32.525,2021-01-23 14:37:44.901944,1611412664.901944,1611412673.931653
286,PLTR210521P00041000,2020-12-11 17:00:28,41.0,18.7,18.05,18.9,0.0,0.0,1.0,1,1.7290052612304687,True,REGULAR,USD,32.55,32.5,32.525,2021-01-23 14:37:44.901944,1611412664.901944,1611412673.931653
287,PLTR210521P00043000,2020-12-01 16:27:41,43.0,22.15,20.45,22.95,0.0,0.0,,300,1.9631349499511717,True,REGULAR,USD,32.55,32.5,32.525,2021-01-23 14:37:44.901944,1611412664.901944,1611412673.931653
288,PLTR210521P00044000,2021-01-15 16:40:55,44.0,20.35,16.2,17.65,0.0,0.0,8.0,313,1.2033731237792966,True,REGULAR,USD,32.55,32.5,32.525,2021-01-23 14:37:44.901944,1611412664.901944,1611412673.931653
289,PLTR210521P00045000,2021-01-15 17:52:59,45.0,21.38,17.0,18.3,0.0,0.0,10.0,27,1.1948282446289062,True,REGULAR,USD,32.55,32.5,32.525,2021-01-23 14:37:44.901944,1611412664.901944,1611412673.931653
290,PLTR210521P00048000,2021-01-14 17:25:10,48.0,24.7,17.7,21.05,0.0,0.0,2.0,39,1.0983931799316409,True,REGULAR,USD,32.55,32.5,32.525,2021-01-23 14:37:44.901944,1611412664.901944,1611412673.931653
291,PLTR210521P00049000,2021-01-04 17:45:41,49.0,27.15,20.25,21.85,0.0,0.0,,0,1.2172890698242185,True,REGULAR,USD,32.55,32.5,32.525,2021-01-23 14:37:44.901944,1611412664.901944,1611412673.931653
292,PLTR210521P00050000,2021-01-22 20:09:36,50.0,22.18,20.8,22.6,-3.8199997,-14.6923065,10.0,126,1.1923868505859376,True,REGULAR,USD,32.55,32.5,32.525,2021-01-23 14:37:44.901944,1611412664.901944,1611412673.931653
293,PLTR210820P00015000,2021-01-22 20:10:39,15.0,1.21,0.95,1.45,-0.49,-28.823528,50,320,0.9785158398437501,False,REGULAR,USD,32.55,32.5,32.525,2021-01-23 14:37:44.901944,1611412664.901944,1611412673.931653
294,PLTR210820P00018000,2021-01-22 20:44:23,18.0,2.18,2.0,2.36,-0.77,-26.101694,278,2525,0.999023447265625,False,REGULAR,USD,32.55,32.5,32.525,2021-01-23 14:37:44.901944,1611412664.901944,1611412673.931653
295,PLTR210820P00019000,2021-01-22 19:45:42,19.0,2.76,2.34,2.89,-0.6400001,-18.823532,58,4269,1.013676806640625,False,REGULAR,USD,32.55,32.5,32.525,2021-01-23 14:37:44.901944,1611412664.901944,1611412673.931653
296,PLTR210820P00020000,2021-01-22 20:21:55,20.0,3.05,2.59,3.2,-0.95000005,-23.750002,183,3749,0.9951172363281251,False,REGULAR,USD,32.55,32.5,32.525,2021-01-23 14:37:44.901944,1611412664.901944,1611412673.931653
297,PLTR210820P00021000,2021-01-19 19:06:20,21.0,4.35,3.15,3.65,0.0,0.0,436,1445,1.0107471337890623,False,REGULAR,USD,32.55,32.5,32.525,2021-01-23 14:37:44.901944,1611412664.901944,1611412673.931653
298,PLTR210820P00022000,2021-01-22 20:37:54,22.0,3.9,3.5,4.05,-1.1999998,-23.52941,93,823,1.0014698364257812,False,REGULAR,USD,32.55,32.5,32.525,2021-01-23 14:37:44.901944,1611412664.901944,1611412673.931653
299,PLTR210820P00023000,2021-01-22 17:19:47,23.0,5.17,3.9,4.6,-0.6300001,-10.86207,10,3948,1.0041553698730468,False,REGULAR,USD,32.55,32.5,32.525,2021-01-23 14:37:44.901944,1611412664.901944,1611412673.931653
300,PLTR210820P00024000,2021-01-22 20:43:11,24.0,4.9,4.5,5.75,-1.5499997,-24.031004,35,75,1.0583543176269532,False,REGULAR,USD,32.55,32.5,32.525,2021-01-23 14:37:44.901944,1611412664.901944,1611412673.931653
301,PLTR210820P00025000,2021-01-22 20:50:27,25.0,5.33,4.6,5.8,-1.7000003,-24.18208,210,546,0.9997558618164062,False,REGULAR,USD,32.55,32.5,32.525,2021-01-23 14:37:44.901944,1611412664.901944,1611412673.931653
302,PLTR210820P00026000,2021-01-22 19:27:37,26.0,6.05,5.5,6.2,-1.5999999,-20.915031,14,359,1.015874061279297,False,REGULAR,USD,32.55,32.5,32.525,2021-01-23 14:37:44.901944,1611412664.901944,1611412673.931653
303,PLTR210820P00027000,2021-01-22 20:03:48,27.0,7.0,6.1,6.6,-1.4099998,-16.765755,9,38,1.0102588549804685,False,REGULAR,USD,32.55,32.5,32.525,2021-01-23 14:37:44.901944,1611412664.901944,1611412673.931653
304,PLTR210820P00028000,2021-01-22 19:51:50,28.0,7.5,7.0,7.45,-1.3999996,-15.730333,7,50,1.0476121838378907,False,REGULAR,USD,32.55,32.5,32.525,2021-01-23 14:37:44.901944,1611412664.901944,1611412673.931653
305,PLTR210820P00029000,2021-01-20 19:03:57,29.0,8.0,7.35,8.6,-1.8000002,-18.367348,1,23,1.0664109179687502,False,REGULAR,USD,32.55,32.5,32.525,2021-01-23 14:37:44.901944,1611412664.901944,1611412673.931653
306,PLTR210820P00030000,2021-01-22 20:51:42,30.0,8.45,8.3,8.6,-2.0500002,-19.523811,69,30,1.05078599609375,False,REGULAR,USD,32.55,32.5,32.525,2021-01-23 14:37:44.901944,1611412664.901944,1611412673.931653
307,PLTR210820P00031000,2021-01-22 19:10:20,31.0,9.67,8.5,9.95,-0.8299999,-7.9047613,1,7,1.0678757543945316,False,REGULAR,USD,32.55,32.5,32.525,2021-01-23 14:37:44.901944,1611412664.901944,1611412673.931653
308,PLTR210820P00032000,2021-01-22 20:09:17,32.0,9.9,9.15,10.65,-2.1500006,-17.842329,19,6,1.0715378454589848,False,REGULAR,USD,32.55,32.5,32.525,2021-01-23 14:37:44.901944,1611412664.901944,1611412673.931653
309,PLTR210820P00034000,2020-12-21 17:54:46,34.0,13.1,13.45,13.9,0.0,0.0,1,2,1.3418001660156247,True,REGULAR,USD,32.55,32.5,32.525,2021-01-23 14:37:44.901944,1611412664.901944,1611412673.931653
310,PLTR210820P00035000,2021-01-22 20:19:37,35.0,11.95,11.25,12.05,-2.5500002,-17.586208,1,272,1.0439500927734378,True,REGULAR,USD,32.55,32.5,32.525,2021-01-23 14:37:44.901944,1611412664.901944,1611412673.931653
311,PLTR210820P00040000,2021-01-22 15:39:03,40.0,18.2,14.75,16.6,-0.049999237,-0.27396843,2,38,1.0893600219726562,True,REGULAR,USD,32.55,32.5,32.525,2021-01-23 14:37:44.901944,1611412664.901944,1611412673.931653
312,PLTR211119P00003000,2021-01-04 14:32:18,3.0,0.01,0.02,0.09,0.0,0.0,3,220,1.22266013671875,False,REGULAR,USD,32.55,32.5,32.525,2021-01-23 14:37:44.901944,1611412664.901944,1611412673.931653
313,PLTR211119P00005000,2021-01-19 18:27:41,5.0,0.08,0.06,0.2,0.0,0.0,10,355,1.08984830078125,False,REGULAR,USD,32.55,32.5,32.525,2021-01-23 14:37:44.901944,1611412664.901944,1611412673.931653
314,PLTR211119P00008000,2021-01-22 19:25:27,8.0,0.32,0.2,0.45,-0.050000012,-13.513515,87,839,0.9785158398437501,False,REGULAR,USD,32.55,32.5,32.525,2021-01-23 14:37:44.901944,1611412664.901944,1611412673.931653
315,PLTR211119P00010000,2021-01-22 20:29:28,10.0,0.64,0.17,0.8,-0.13999999,-17.948717,102,899,0.911133701171875,False,REGULAR,USD,32.55,32.5,32.525,2021-01-23 14:37:44.901944,1611412664.901944,1611412673.931653
316,PLTR211119P00012000,2021-01-22 20:58:32,12.0,1.04,0.61,1.25,-0.26,-20.0,101,1312,0.9345709667968749,False,REGULAR,USD,32.55,32.5,32.525,2021-01-23 14:37:44.901944,1611412664.901944,1611412673.931653
317,PLTR211119P00015000,2021-01-22 20:29:28,15.0,1.97,1.52,2.16,-0.3699999,-15.811962,17,999,0.9555668505859375,False,REGULAR,USD,32.55,32.5,32.525,2021-01-23 14:37:44.901944,1611412664.901944,1611412673.931653
318,PLTR211119P00017000,2021-01-22 20:12:07,17.0,2.71,1.12,3.3,-0.69000006,-20.294119,192,3785,0.8989267919921874,False,REGULAR,USD,32.55,32.5,32.525,2021-01-23 14:37:44.901944,1611412664.901944,1611412673.931653
319,PLTR211119P00020000,2021-01-22 20:46:50,20.0,4.05,3.5,3.95,-0.75,-15.625,767,4601,0.948242705078125,False,REGULAR,USD,32.55,32.5,32.525,2021-01-23 14:37:44.901944,1611412664.901944,1611412673.931653
320,PLTR211119P00022000,2021-01-22 20:34:14,22.0,4.95,4.7,5.1,-1.2000003,-19.5122,39,4735,0.9780275634765626,False,REGULAR,USD,32.55,32.5,32.525,2021-01-23 14:37:44.901944,1611412664.901944,1611412673.931653
321,PLTR211119P00025000,2021-01-22 20:44:33,25.0,6.2,6.2,6.95,-1.75,-22.012579,93,1376,0.9875489526367188,False,REGULAR,USD,32.55,32.5,32.525,2021-01-23 14:37:44.901944,1611412664.901944,1611412673.931653
322,PLTR211119P00030000,2021-01-22 20:36:24,30.0,9.7,9.1,9.85,-1.8000002,-15.652175,60,495,0.9770510107421876,False,REGULAR,USD,32.55,32.5,32.525,2021-01-23 14:37:44.901944,1611412664.901944,1611412673.931653
323,PLTR211119P00032000,2021-01-22 20:52:03,32.0,11.0,10.4,11.45,-3.0500002,-21.708185,6,21,0.991211025390625,False,REGULAR,USD,32.55,32.5,32.525,2021-01-23 14:37:44.901944,1611412664.901944,1611412673.931653
324,PLTR211119P00035000,2021-01-22 20:26:32,35.0,13.4,12.5,13.85,-2.3000002,-14.649683,11,142,1.0090381579589844,True,REGULAR,USD,32.55,32.5,32.525,2021-01-23 14:37:44.901944,1611412664.901944,1611412673.931653
325,PLTR211119P00037000,2021-01-22 20:20:07,37.0,14.65,13.95,14.9,-2.3400002,-13.772808,15,252,0.993164130859375,True,REGULAR,USD,32.55,32.5,32.525,2021-01-23 14:37:44.901944,1611412664.901944,1611412673.931653
326,PLTR211119P00040000,2021-01-22 20:20:07,40.0,16.89,16.1,17.15,-2.0600014,-10.870719,28,57,0.9919434399414062,True,REGULAR,USD,32.55,32.5,32.525,2021-01-23 14:37:44.901944,1611412664.901944,1611412673.931653
327,PLTR211119P00042000,2021-01-19 20:57:56,42.0,20.7,17.6,19.35,0.0,0.0,1,42,1.0205127099609377,True,REGULAR,USD,32.55,32.5,32.525,2021-01-23 14:37:44.901944,1611412664.901944,1611412673.931653
328,PLTR211119P00045000,2021-01-21 16:29:26,45.0,23.78,19.95,21.55,0.0,0.0,3,59,1.0147754339599608,True,REGULAR,USD,32.55,32.5,32.525,2021-01-23 14:37:44.901944,1611412664.901944,1611412673.931653
329,PLTR220121P00002500,2021-01-22 20:36:45,2.5,0.03,0.02,0.06,0.01,50.0,13,451,1.1484417578125,False,REGULAR,USD,32.55,32.5,32.525,2021-01-23 14:37:44.901944,1611412664.901944,1611412673.931653
330,PLTR220121P00005000,2021-01-22 17:57:05,5.0,0.12,0.06,0.2,0.0,0.0,14,665,0.992187578125,False,REGULAR,USD,32.55,32.5,32.525,2021-01-23 14:37:44.901944,1611412664.901944,1611412673.931653
331,PLTR220121P00007500,2021-01-22 20:42:57,7.5,0.37,0.3,0.45,-0.030000001,-7.5000005,24,1217,0.9599613378906249,False,REGULAR,USD,32.55,32.5,32.525,2021-01-23 14:37:44.901944,1611412664.901944,1611412673.931653
332,PLTR220121P00010000,2021-01-22 20:52:01,10.0,0.77,0.68,0.84,-0.18,-18.947369,100,5595,0.9326178613281251,False,REGULAR,USD,32.55,32.5,32.525,2021-01-23 14:37:44.901944,1611412664.901944,1611412673.931653
333,PLTR220121P00012500,2021-01-22 20:37:50,12.5,1.4,1.17,1.42,-0.40999997,-22.651934,103,1588,0.9116219775390625,False,REGULAR,USD,32.55,32.5,32.525,2021-01-23 14:37:44.901944,1611412664.901944,1611412673.931653
334,PLTR220121P00015000,2021-01-22 20:08:33,15.0,2.26,2.2,2.56,-0.6200001,-21.52778,187,3759,0.9665530688476562,False,REGULAR,USD,32.55,32.5,32.525,2021-01-23 14:37:44.901944,1611412664.901944,1611412673.931653
335,PLTR220121P00017500,2021-01-22 20:52:01,17.5,3.33,3.25,3.5,-0.8200002,-19.759039,244,8660,0.963867548828125,False,REGULAR,USD,32.55,32.5,32.525,2021-01-23 14:37:44.901944,1611412664.901944,1611412673.931653
336,PLTR220121P00020000,2021-01-22 20:42:54,20.0,4.5,4.4,4.9,-1.0500002,-18.91892,142,5961,0.9787599780273439,False,REGULAR,USD,32.55,32.5,32.525,2021-01-23 14:37:44.901944,1611412664.901944,1611412673.931653
337,PLTR220121P00022000,2021-01-22 20:59:39,22.0,5.4,4.95,5.9,-1.2999997,-19.40298,48,1483,0.9494633959960936,False,REGULAR,USD,32.55,32.5,32.525,2021-01-23 14:37:44.901944,1611412664.901944,1611412673.931653
338,PLTR220121P00025000,2021-01-22 20:47:10,25.0,7.39,7.15,7.55,-1.3600001,-15.542859,181,3215,0.9772951489257813,False,REGULAR,USD,32.55,32.5,32.525,2021-01-23 14:37:44.901944,1611412664.901944,1611412673.931653
339,PLTR220121P00027000,2021-01-22 20:50:38,27.0,8.5,8.3,8.95,-1.6499996,-16.256155,526,1350,0.98437515625,False,REGULAR,USD,32.55,32.5,32.525,2021-01-23 14:37:44.901944,1611412664.901944,1611412673.931653
340,PLTR220121P00030000,2021-01-22 20:45:19,30.0,10.49,9.8,10.9,-1.8100004,-14.715451,302,1253,0.9670413452148439,False,REGULAR,USD,32.55,32.5,32.525,2021-01-23 14:37:44.901944,1611412664.901944,1611412673.931653
341,PLTR220121P00032000,2021-01-22 20:26:28,32.0,12.0,10.2,13.15,-2.0,-14.285715,58,107,0.9663089306640625,False,REGULAR,USD,32.55,32.5,32.525,2021-01-23 14:37:44.901944,1611412664.901944,1611412673.931653
342,PLTR220121P00035000,2021-01-22 19:58:54,35.0,14.16,13.25,15.25,-2.3899994,-14.441085,51,285,1.007573321533203,True,REGULAR,USD,32.55,32.5,32.525,2021-01-23 14:37:44.901944,1611412664.901944,1611412673.931653
343,PLTR220121P00037000,2021-01-20 15:03:47,37.0,15.32,14.7,16.1,-2.6800003,-14.88889,2,129,0.9825441198730469,True,REGULAR,USD,32.55,32.5,32.525,2021-01-23 14:37:44.901944,1611412664.901944,1611412673.931653
344,PLTR220121P00040000,2021-01-22 20:42:11,40.0,17.6,16.95,19.5,-2.3899994,-11.955975,23,677,1.0300341467285157,True,REGULAR,USD,32.55,32.5,32.525,2021-01-23 14:37:44.901944,1611412664.901944,1611412673.931653
345,PLTR220121P00042000,2021-01-22 19:11:03,42.0,20.05,18.2,20.45,-1.75,-8.027523,25,160,0.9951172363281251,True,REGULAR,USD,32.55,32.5,32.525,2021-01-23 14:37:44.901944,1611412664.901944,1611412673.931653
346,PLTR220121P00045000,2020-12-22 19:51:27,45.0,24.03,24.2,24.8,0.0,0.0,60,112,1.2202187426757813,True,REGULAR,USD,32.55,32.5,32.525,2021-01-23 14:37:44.901944,1611412664.901944,1611412673.931653
347,PLTR220121P00047000,2021-01-15 16:10:32,47.0,26.37,21.2,24.25,0.0,0.0,3,158,0.9521489160156249,True,REGULAR,USD,32.55,32.5,32.525,2021-01-23 14:37:44.901944,1611412664.901944,1611412673.931653
348,PLTR220121P00050000,2021-01-22 20:13:33,50.0,26.15,24.85,27.45,-2.8500004,-9.827588,30,389,1.0279589617919924,True,REGULAR,USD,32.55,32.5,32.525,2021-01-23 14:37:44.901944,1611412664.901944,1611412673.931653
349,PLTR230120P00002500,2021-01-22 18:07:43,2.5,0.14,0.1,0.2,-0.060000002,-30.000002,11,988,1.0078174609375,False,REGULAR,USD,32.55,32.5,32.525,2021-01-23 14:37:44.901944,1611412664.901944,1611412673.931653
350,PLTR230120P00005000,2021-01-22 20:10:20,5.0,0.45,0.25,0.73,-0.050000012,-10.000002,5,834,0.9267585449218749,False,REGULAR,USD,32.55,32.5,32.525,2021-01-23 14:37:44.901944,1611412664.901944,1611412673.931653
351,PLTR230120P00007500,2021-01-22 19:54:18,7.5,1.05,1.0,1.33,-0.08000004,-7.07965,2,470,0.9262702685546875,False,REGULAR,USD,32.55,32.5,32.525,2021-01-23 14:37:44.901944,1611412664.901944,1611412673.931653
352,PLTR230120P00010000,2021-01-22 20:53:38,10.0,1.8,1.75,2.08,-0.4000001,-18.181822,35,2638,0.8974619628906249,False,REGULAR,USD,32.55,32.5,32.525,2021-01-23 14:37:44.901944,1611412664.901944,1611412673.931653
353,PLTR230120P00012500,2021-01-22 20:48:49,12.5,3.03,2.96,3.1,-0.52,-14.647887,120,3172,0.9077157666015624,False,REGULAR,USD,32.55,32.5,32.525,2021-01-23 14:37:44.901944,1611412664.901944,1611412673.931653
354,PLTR230120P00015000,2021-01-22 20:59:50,15.0,4.2,4.0,4.6,-0.5500002,-11.578951,162,832,0.9138192211914062,False,REGULAR,USD,32.55,32.5,32.525,2021-01-23 14:37:44.901944,1611412664.901944,1611412673.931653
355,PLTR230120P00017500,2021-01-22 20:26:46,17.5,5.4,5.0,6.1,-1.06,-16.408669,19,394,0.9030771411132812,False,REGULAR,USD,32.55,32.5,32.525,2021-01-23 14:37:44.901944,1611412664.901944,1611412673.931653
356,PLTR230120P00020000,2021-01-22 20:54:04,20.0,7.1,6.9,7.35,-1.0000005,-12.345684,130,1721,0.9145516357421876,False,REGULAR,USD,32.55,32.5,32.525,2021-01-23 14:37:44.901944,1611412664.901944,1611412673.931653
357,PLTR230120P00022000,2021-01-22 20:52:57,22.0,8.6,8.05,8.95,-0.79999924,-8.510631,31,323,0.9261481994628906,False,REGULAR,USD,32.55,32.5,32.525,2021-01-23 14:37:44.901944,1611412664.901944,1611412673.931653
358,PLTR230120P00025000,2021-01-22 20:45:11,25.0,10.43,10.0,10.85,-0.9200001,-8.105727,51,775,0.9226081958007812,False,REGULAR,USD,32.55,32.5,32.525,2021-01-23 14:37:44.901944,1611412664.901944,1611412673.931653
359,PLTR230120P00027000,2021-01-22 20:24:16,27.0,11.75,11.05,12.2,-1.3000002,-9.961687,14,562,0.9101571484375,False,REGULAR,USD,32.55,32.5,32.525,2021-01-23 14:37:44.901944,1611412664.901944,1611412673.931653
360,PLTR230120P00030000,2021-01-22 20:53:46,30.0,13.8,13.2,14.35,-1.5500002,-10.097721,202,1855,0.9127205993652343,False,REGULAR,USD,32.55,32.5,32.525,2021-01-23 14:37:44.901944,1611412664.901944,1611412673.931653
361,PLTR230120P00032000,2021-01-22 20:08:31,32.0,15.19,14.5,15.7,-1.8599997,-10.909089,8,50,0.9039316247558593,False,REGULAR,USD,32.55,32.5,32.525,2021-01-23 14:37:44.901944,1611412664.901944,1611412673.931653
362,PLTR230120P00035000,2021-01-22 20:29:17,35.0,17.37,16.9,18.15,-1.8499985,-9.625382,10,477,0.9162606030273439,True,REGULAR,USD,32.55,32.5,32.525,2021-01-23 14:37:44.901944,1611412664.901944,1611412673.931653
363,PLTR230120P00037000,2021-01-21 17:22:37,37.0,20.96,16.85,19.7,0.0,0.0,3,6,0.8673108972167969,True,REGULAR,USD,32.55,32.5,32.525,2021-01-23 14:37:44.901944,1611412664.901944,1611412673.931653
364,PLTR230120P00040000,2021-01-21 17:22:37,40.0,23.45,20.4,22.35,0.0,0.0,3,224,0.9147957739257813,True,REGULAR,USD,32.55,32.5,32.525,2021-01-23 14:37:44.901944,1611412664.901944,1611412673.931653
365,PLTR230120P00042000,2021-01-08 17:47:29,42.0,24.9,22.0,23.7,0.0,0.0,1,19,0.9079599047851561,True,REGULAR,USD,32.55,32.5,32.525,2021-01-23 14:37:44.901944,1611412664.901944,1611412673.931653
366,PLTR230120P00045000,2021-01-06 16:15:59,45.0,28.9,24.4,26.2,0.0,0.0,1,2,0.9096688720703124,True,REGULAR,USD,32.55,32.5,32.525,2021-01-23 14:37:44.901944,1611412664.901944,1611412673.931653
367,PLTR230120P00047000,2021-01-08 17:00:23,47.0,28.35,25.75,27.8,0.0,0.0,1,21,0.900269552001953,True,REGULAR,USD,32.55,32.5,32.525,2021-01-23 14:37:44.901944,1611412664.901944,1611412673.931653
368,PLTR230120P00050000,2021-01-22 20:06:33,50.0,29.2,28.55,30.45,-2.5,-7.886435,83,269,0.9139412902832031,True,REGULAR,USD,32.55,32.5,32.525,2021-01-23 14:37:44.901944,1611412664.901944,1611412673.931653
